ood_group,source,y_true,y_pred
elle,elle,1,0.18127816915512085
elle,elle,1,0.43212398886680603
elle,elle,1,1.047904372215271
elle,elle,1,0.5117715001106262
elle,elle,1,1.2984317541122437
elle,elle,1,0.4622620642185211
elle,elle,1,0.4876896142959595
elle,elle,1,0.7987397909164429
elle,elle,1,0.8476603627204895
elle,elle,1,0.8539581894874573
elle,elle,1,1.0860880613327026
elle,elle,1,1.2521295547485352
elle,elle,1,0.8316511511802673
elle,elle,1,0.2595759928226471
elle,elle,1,0.24239036440849304
elle,elle,1,0.42737361788749695
elle,elle,1,0.57535719871521
elle,elle,1,1.0022282600402832
elle,elle,1,0.5787020325660706
elle,elle,1,1.0214805603027344
elle,elle,1,0.20409764349460602
elle,elle,1,0.9171749949455261
elle,elle,1,0.8846101760864258
elle,elle,1,0.8891060948371887
elle,elle,1,0.8643768429756165
elle,elle,1,0.8279508352279663
elle,elle,1,0.7587518095970154
elle,elle,1,0.5088521838188171
elle,elle,1,0.8987159132957458
elle,elle,1,0.8848584294319153
elle,elle,1,0.20409764349460602
elle,elle,1,0.8893277645111084
elle,elle,1,0.6729137301445007
elle,elle,1,0.7830200791358948
elle,elle,1,1.2100011110305786
elle,elle,1,0.5493907928466797
elle,elle,1,0.9215236306190491
elle,elle,1,0.7011106014251709
elle,elle,1,0.49330395460128784
elle,elle,1,0.9534337520599365
elle,elle,1,0.8280935287475586
elle,elle,1,0.9339377284049988
elle,elle,1,0.7657036781311035
elle,elle,1,0.9678015112876892
elle,elle,1,0.8249531388282776
elle,elle,1,1.3083157539367676
elle,elle,1,0.7894213199615479
elle,elle,1,0.8865255117416382
elle,elle,1,0.5108216404914856
elle,elle,1,0.8137343525886536
elle,elle,1,1.13680100440979
elle,elle,1,0.5714267492294312
elle,elle,1,0.8242644667625427
elle,elle,1,0.893920361995697
elle,elle,1,0.6882155537605286
elle,elle,1,1.138304591178894
elle,elle,1,0.7555370926856995
elle,elle,1,0.5781571865081787
elle,elle,1,0.8476526141166687
elle,elle,1,0.7523999810218811
elle,elle,1,0.9742986559867859
elle,elle,1,0.7886986136436462
elle,elle,1,1.0313979387283325
elle,elle,1,0.6624714136123657
elle,elle,1,0.3831484913825989
elle,elle,1,0.8627744913101196
elle,elle,1,1.53360116481781
elle,elle,1,0.47685566544532776
elle,elle,1,0.3818967938423157
elle,elle,1,0.9401208758354187
elle,elle,1,0.6628853678703308
elle,elle,1,0.8099231719970703
elle,elle,1,0.3262632191181183
elle,elle,1,1.3512502908706665
elle,elle,1,0.8449168801307678
elle,elle,1,1.009719729423523
elle,elle,1,0.8375000357627869
elle,elle,1,0.6583078503608704
elle,elle,1,0.732744038105011
elle,elle,1,0.7563182711601257
elle,elle,1,0.7337850332260132
elle,elle,1,1.4037199020385742
elle,elle,1,0.33136847615242004
elle,elle,1,0.6990380883216858
elle,elle,1,0.6941748857498169
elle,elle,1,1.2309978008270264
elle,elle,1,1.366386890411377
elle,elle,1,0.8340618014335632
elle,elle,1,1.1962605714797974
elle,elle,1,0.7299939393997192
elle,elle,1,0.5995261073112488
elle,elle,1,1.0536770820617676
elle,elle,1,1.2280818223953247
elle,elle,1,1.2233737707138062
elle,elle,1,1.205147624015808
elle,elle,1,0.545489490032196
elle,elle,1,1.2331526279449463
elle,elle,1,0.6774002909660339
elle,elle,1,1.4110212326049805
elle,elle,1,0.7044761180877686
elle,elle,1,0.6730016469955444
elle,elle,1,0.6125110983848572
elle,elle,1,0.6766114830970764
elle,elle,1,1.1290069818496704
elle,elle,1,0.4080945551395416
elle,elle,1,0.853076696395874
elle,elle,1,0.9943685531616211
elle,elle,1,0.9654730558395386
elle,elle,1,1.325858473777771
elle,elle,1,1.1983718872070312
elle,elle,1,0.7041332721710205
elle,elle,1,0.7572739124298096
elle,elle,1,0.6313386559486389
elle,elle,1,0.3216686546802521
elle,elle,1,0.7712342739105225
elle,elle,1,0.7447460889816284
elle,elle,1,1.046188235282898
elle,elle,1,0.9784236550331116
elle,elle,1,0.9836474657058716
elle,elle,1,0.8764833807945251
elle,elle,1,1.1371748447418213
elle,elle,1,1.4663035869598389
elle,elle,1,1.2282178401947021
elle,elle,1,1.1680222749710083
elle,elle,1,1.0889947414398193
elle,elle,1,1.213076114654541
elle,elle,1,1.447057843208313
elle,elle,1,1.2821333408355713
elle,elle,1,1.6081774234771729
elle,elle,1,1.5168538093566895
elle,elle,1,2.188464403152466
elle,elle,1,1.2633932828903198
elle,elle,1,1.1605887413024902
elle,elle,1,1.316432237625122
elle,elle,1,1.116518259048462
elle,elle,1,1.3009624481201172
elle,elle,1,1.5118775367736816
elle,elle,1,1.370213270187378
elle,elle,1,1.3560094833374023
elle,elle,1,1.1717431545257568
elle,elle,1,1.0651640892028809
elle,elle,1,1.47251558303833
elle,elle,1,1.4238258600234985
elle,elle,1,1.5881637334823608
elle,elle,1,1.458410382270813
elle,elle,1,0.9603654742240906
elle,elle,1,1.6376230716705322
elle,elle,1,1.4105252027511597
elle,elle,1,1.403342604637146
elle,elle,1,1.3658194541931152
elle,elle,1,1.1985783576965332
elle,elle,1,1.511581540107727
elle,elle,1,1.2007226943969727
elle,elle,1,1.5339856147766113
elle,elle,1,1.4998315572738647
elle,elle,1,1.522863507270813
elle,elle,1,1.330473780632019
elle,elle,1,1.325677514076233
elle,elle,1,1.2381211519241333
elle,elle,1,1.0636731386184692
elle,elle,1,1.5468875169754028
elle,elle,1,1.4465866088867188
elle,elle,1,1.4451972246170044
elle,elle,1,1.306807041168213
elle,elle,1,1.606879472732544
elle,elle,1,1.1124393939971924
elle,elle,1,1.2919780015945435
elle,elle,1,1.199032187461853
elle,elle,1,1.4649890661239624
elle,elle,1,1.3888487815856934
elle,elle,1,1.4103620052337646
elle,elle,1,1.1242715120315552
elle,elle,1,1.3911529779434204
elle,elle,1,1.6492923498153687
elle,elle,1,1.3667973279953003
elle,elle,1,1.5522891283035278
elle,elle,1,1.2589105367660522
elle,elle,1,1.370577335357666
elle,elle,1,0.9796491861343384
elle,elle,1,1.3589277267456055
elle,elle,1,2.2910685539245605
elle,elle,1,1.8835865259170532
elle,elle,1,1.8070704936981201
elle,elle,1,1.7391908168792725
elle,elle,1,2.244549036026001
elle,elle,1,2.3700244426727295
elle,elle,1,0.6290473341941833
elle,elle,1,2.2069685459136963
elle,elle,1,1.7509360313415527
elle,elle,1,1.9659429788589478
elle,elle,1,2.1654839515686035
elle,elle,1,2.3283607959747314
elle,elle,1,2.101985454559326
elle,elle,1,2.0156631469726562
elle,elle,1,2.027963161468506
elle,elle,1,1.8247767686843872
elle,elle,1,1.7238388061523438
elle,elle,1,0.34847500920295715
elle,elle,1,1.659990906715393
elle,elle,1,1.2624465227127075
elle,elle,1,1.6801193952560425
elle,elle,1,2.3479411602020264
elle,elle,1,1.7338024377822876
elle,elle,1,2.1066133975982666
elle,elle,1,2.1111674308776855
elle,elle,1,1.539069652557373
elle,elle,1,1.785409688949585
elle,elle,1,1.9929931163787842
elle,elle,1,2.388575315475464
elle,elle,1,1.5598957538604736
elle,elle,1,1.9034135341644287
elle,elle,1,0.9366259574890137
elle,elle,1,1.9308691024780273
elle,elle,1,2.1554181575775146
elle,elle,1,0.6700602769851685
elle,elle,1,1.8493069410324097
elle,elle,1,1.9219245910644531
elle,elle,1,2.002530336380005
elle,elle,1,1.5648881196975708
elle,elle,1,1.206052303314209
elle,elle,1,1.0009722709655762
elle,elle,1,1.128081202507019
elle,elle,1,1.6303291320800781
elle,elle,1,1.0539895296096802
elle,elle,1,1.9860128164291382
elle,elle,1,1.3649547100067139
elle,elle,1,1.7708487510681152
elle,elle,1,1.5292158126831055
elle,elle,1,1.8792474269866943
elle,elle,1,1.5133216381072998
elle,elle,1,1.67646324634552
elle,elle,1,1.7796152830123901
elle,elle,1,0.7679534554481506
elle,elle,1,1.713767170906067
elle,elle,1,1.9350351095199585
elle,elle,1,1.83392333984375
elle,elle,1,1.8004341125488281
elle,elle,1,1.8644967079162598
elle,elle,1,1.8955445289611816
elle,elle,1,1.7211780548095703
elle,elle,1,1.3285828828811646
elle,elle,1,2.1586287021636963
elle,elle,1,1.2950024604797363
elle,elle,1,1.1490894556045532
elle,elle,1,1.8287965059280396
elle,elle,1,1.8657281398773193
elle,elle,1,1.4494845867156982
elle,elle,1,1.7014760971069336
elle,elle,1,2.5282230377197266
elle,elle,1,1.5694398880004883
elle,elle,1,1.7627466917037964
elle,elle,1,1.762087345123291
elle,elle,1,1.773429036140442
elle,elle,1,1.3951016664505005
elle,elle,1,1.0978082418441772
elle,elle,1,1.4395811557769775
elle,elle,1,1.3705341815948486
elle,elle,1,1.1021487712860107
elle,elle,1,1.0034308433532715
elle,elle,1,0.9398078918457031
elle,elle,1,1.866584300994873
elle,elle,1,1.8714207410812378
elle,elle,1,1.4687904119491577
elle,elle,1,1.9978100061416626
elle,elle,1,1.2358628511428833
elle,elle,1,1.9514200687408447
elle,elle,1,1.555124044418335
elle,elle,1,2.0308268070220947
elle,elle,1,1.765239953994751
elle,elle,1,2.1761231422424316
elle,elle,1,2.060084819793701
elle,elle,1,1.4620320796966553
elle,elle,2,2.4447858333587646
elle,elle,2,1.893833041191101
elle,elle,2,1.8301130533218384
elle,elle,2,1.5222231149673462
elle,elle,2,1.6210263967514038
elle,elle,2,1.6658527851104736
elle,elle,2,1.7294647693634033
elle,elle,2,1.7230437994003296
elle,elle,2,1.6796236038208008
elle,elle,2,1.8479080200195312
elle,elle,2,2.0459957122802734
elle,elle,2,1.6367595195770264
elle,elle,2,1.7564570903778076
elle,elle,2,1.991830825805664
elle,elle,2,1.534584879875183
elle,elle,2,1.7420634031295776
elle,elle,2,1.6519520282745361
elle,elle,2,1.638561487197876
elle,elle,2,1.8527207374572754
elle,elle,2,1.879017949104309
elle,elle,2,1.733703374862671
elle,elle,2,1.777665376663208
elle,elle,2,2.085519790649414
elle,elle,2,1.6814243793487549
elle,elle,2,1.8206957578659058
elle,elle,2,1.8004448413848877
elle,elle,2,2.0468921661376953
elle,elle,2,1.9643385410308838
elle,elle,2,1.8920209407806396
elle,elle,2,1.7184773683547974
elle,elle,2,1.387561559677124
elle,elle,2,1.8889648914337158
elle,elle,2,1.3051413297653198
elle,elle,2,2.1810073852539062
elle,elle,2,1.6708465814590454
elle,elle,2,1.9047750234603882
elle,elle,2,1.4927066564559937
elle,elle,2,1.3086915016174316
elle,elle,2,1.6251119375228882
elle,elle,2,1.331971287727356
elle,elle,2,1.025118112564087
elle,elle,2,1.855074405670166
elle,elle,2,1.7397407293319702
elle,elle,2,1.9544116258621216
elle,elle,2,1.7061396837234497
elle,elle,2,1.5949755907058716
elle,elle,2,1.3828405141830444
elle,elle,2,1.476666808128357
elle,elle,2,1.2126981019973755
elle,elle,2,1.1085741519927979
elle,elle,2,1.6366817951202393
elle,elle,2,1.5006163120269775
elle,elle,2,1.540444254875183
elle,elle,2,1.3579012155532837
elle,elle,2,1.9320591688156128
elle,elle,2,1.8187687397003174
elle,elle,2,1.7061914205551147
elle,elle,2,1.7073050737380981
elle,elle,2,1.7787007093429565
elle,elle,2,1.5538963079452515
elle,elle,2,1.7884559631347656
elle,elle,2,1.7237310409545898
elle,elle,2,2.3171792030334473
elle,elle,2,1.7046444416046143
elle,elle,2,1.8989942073822021
elle,elle,2,1.687665343284607
elle,elle,2,1.710747480392456
elle,elle,2,1.7483559846878052
elle,elle,2,1.625595211982727
elle,elle,2,2.1380996704101562
elle,elle,2,1.9315041303634644
elle,elle,2,1.4447834491729736
elle,elle,2,1.9854302406311035
elle,elle,2,1.9788305759429932
elle,elle,2,1.6770365238189697
elle,elle,2,1.3758256435394287
elle,elle,2,2.3235299587249756
elle,elle,2,1.62932550907135
elle,elle,2,1.6892820596694946
elle,elle,2,1.9610495567321777
elle,elle,2,2.2166850566864014
elle,elle,2,1.5924980640411377
elle,elle,2,1.5969204902648926
elle,elle,2,2.157186508178711
elle,elle,2,1.9334179162979126
elle,elle,2,1.5540934801101685
elle,elle,2,1.986625075340271
elle,elle,2,1.8053470849990845
elle,elle,2,2.199538230895996
elle,elle,2,1.9362142086029053
elle,elle,2,1.672857642173767
elle,elle,2,1.7983695268630981
elle,elle,2,1.6660847663879395
elle,elle,2,1.8467110395431519
elle,elle,2,1.9210935831069946
elle,elle,2,2.398329734802246
elle,elle,2,1.8326010704040527
elle,elle,2,2.0176048278808594
elle,elle,2,1.908801794052124
elle,elle,2,1.8331634998321533
elle,elle,2,1.5541328191757202
elle,elle,2,1.4163252115249634
elle,elle,2,1.528249979019165
elle,elle,2,1.6203032732009888
elle,elle,2,1.8180186748504639
elle,elle,2,1.872380256652832
elle,elle,2,1.6213891506195068
elle,elle,2,1.863114833831787
elle,elle,2,2.1527099609375
elle,elle,2,1.3576011657714844
elle,elle,2,1.8610695600509644
elle,elle,2,1.9422327280044556
elle,elle,2,1.7050018310546875
elle,elle,2,1.5848535299301147
elle,elle,2,0.9486475586891174
elle,elle,2,1.6587979793548584
elle,elle,2,1.6726120710372925
elle,elle,2,1.2167502641677856
elle,elle,2,1.8343589305877686
elle,elle,2,1.7708015441894531
elle,elle,2,1.9757572412490845
elle,elle,2,1.6139918565750122
elle,elle,2,1.9540351629257202
elle,elle,2,2.291002035140991
elle,elle,2,2.0133440494537354
elle,elle,2,1.8894233703613281
elle,elle,2,2.293245792388916
elle,elle,2,2.3484995365142822
elle,elle,2,1.948336124420166
elle,elle,2,1.88946533203125
elle,elle,2,1.6722112894058228
elle,elle,2,1.956088900566101
elle,elle,2,1.9663652181625366
elle,elle,2,2.166102170944214
elle,elle,2,1.7814661264419556
elle,elle,2,1.9222627878189087
elle,elle,2,2.1433818340301514
elle,elle,2,2.0234193801879883
elle,elle,2,2.08734393119812
elle,elle,2,2.090095043182373
elle,elle,2,1.9143399000167847
elle,elle,2,1.7066372632980347
elle,elle,2,2.0458381175994873
elle,elle,2,1.984618902206421
elle,elle,2,2.0817770957946777
elle,elle,2,2.26672101020813
elle,elle,2,2.0773513317108154
elle,elle,2,1.8190417289733887
elle,elle,2,1.778139591217041
elle,elle,2,1.850813388824463
elle,elle,2,2.200166702270508
elle,elle,2,2.227351665496826
elle,elle,2,1.665823221206665
elle,elle,2,2.210514545440674
elle,elle,2,1.9867033958435059
elle,elle,2,1.7596478462219238
elle,elle,2,2.076139450073242
elle,elle,2,1.908170461654663
elle,elle,2,1.9916847944259644
elle,elle,2,1.930127501487732
elle,elle,2,2.4059720039367676
elle,elle,2,1.8815363645553589
elle,elle,2,1.5424342155456543
elle,elle,2,1.493491530418396
elle,elle,2,1.9978067874908447
elle,elle,2,2.1964523792266846
elle,elle,2,1.9146665334701538
elle,elle,2,1.877474069595337
elle,elle,2,1.8510233163833618
elle,elle,2,2.187990188598633
elle,elle,2,2.0414652824401855
elle,elle,2,1.7050532102584839
elle,elle,2,1.8441340923309326
elle,elle,2,2.2167370319366455
elle,elle,2,1.9652981758117676
elle,elle,2,2.1240782737731934
elle,elle,2,2.2598793506622314
elle,elle,2,2.2899329662323
elle,elle,2,1.9187759160995483
elle,elle,2,1.711097240447998
elle,elle,2,1.8343424797058105
elle,elle,2,1.7870795726776123
elle,elle,2,1.5576318502426147
elle,elle,2,1.658960223197937
elle,elle,2,1.3937941789627075
elle,elle,2,2.3455350399017334
elle,elle,2,2.1834356784820557
elle,elle,2,1.31084406375885
elle,elle,2,2.0554311275482178
elle,elle,2,2.136352300643921
elle,elle,2,1.905392050743103
elle,elle,2,2.278036117553711
elle,elle,2,2.462960720062256
elle,elle,2,1.8967020511627197
elle,elle,2,2.1718661785125732
elle,elle,2,1.7738733291625977
elle,elle,2,1.842129111289978
elle,elle,2,2.1609039306640625
elle,elle,2,2.358379602432251
elle,elle,2,1.7916452884674072
elle,elle,2,2.2887203693389893
elle,elle,2,2.0642220973968506
elle,elle,2,2.2002503871917725
elle,elle,2,1.9494874477386475
elle,elle,2,1.528078317642212
elle,elle,2,1.9535751342773438
elle,elle,2,1.8092255592346191
elle,elle,2,2.0892608165740967
elle,elle,2,1.9937785863876343
elle,elle,2,2.1041438579559326
elle,elle,2,2.0900113582611084
elle,elle,2,2.117454767227173
elle,elle,2,1.956366777420044
elle,elle,2,1.9438652992248535
elle,elle,2,1.6684753894805908
elle,elle,2,1.6454147100448608
elle,elle,2,1.9860711097717285
elle,elle,2,1.9780479669570923
elle,elle,2,1.26981782913208
elle,elle,2,1.9619433879852295
elle,elle,2,2.38248348236084
elle,elle,2,2.017146110534668
elle,elle,2,1.4932111501693726
elle,elle,2,1.723065733909607
elle,elle,2,2.0291802883148193
elle,elle,2,2.2592833042144775
elle,elle,2,2.1748809814453125
elle,elle,2,2.030435085296631
elle,elle,2,1.9702768325805664
elle,elle,2,2.5965044498443604
elle,elle,2,2.438269853591919
elle,elle,2,2.1111409664154053
elle,elle,2,2.144848346710205
elle,elle,2,2.235145092010498
elle,elle,2,2.411174774169922
elle,elle,2,1.8712455034255981
elle,elle,2,2.6474077701568604
elle,elle,2,2.344125986099243
elle,elle,2,2.1754324436187744
elle,elle,2,1.747402310371399
elle,elle,2,2.1538009643554688
elle,elle,2,2.241515874862671
elle,elle,2,2.4397053718566895
elle,elle,2,2.2286815643310547
elle,elle,2,2.3025779724121094
elle,elle,2,2.368025541305542
elle,elle,2,2.3050434589385986
elle,elle,2,2.403960704803467
elle,elle,2,2.0958991050720215
elle,elle,2,1.6076850891113281
elle,elle,2,2.1913578510284424
elle,elle,2,2.3894577026367188
elle,elle,2,1.8052335977554321
elle,elle,2,2.265383720397949
elle,elle,2,2.394760847091675
elle,elle,2,2.2564921379089355
elle,elle,2,2.330087423324585
elle,elle,2,1.7940611839294434
elle,elle,2,2.388988494873047
elle,elle,2,2.3473427295684814
elle,elle,2,1.9646620750427246
elle,elle,2,1.8172979354858398
elle,elle,2,2.262387275695801
elle,elle,2,2.326841354370117
elle,elle,2,2.2149569988250732
elle,elle,2,1.5223435163497925
elle,elle,2,2.4088356494903564
elle,elle,2,2.2888875007629395
elle,elle,2,2.4160513877868652
elle,elle,2,2.656222343444824
elle,elle,2,2.2718238830566406
elle,elle,2,2.418557643890381
elle,elle,2,2.1712286472320557
elle,elle,2,2.2204434871673584
elle,elle,2,2.399801731109619
elle,elle,2,2.099775791168213
elle,elle,2,2.7159271240234375
elle,elle,2,2.333083391189575
elle,elle,2,1.9639753103256226
elle,elle,2,1.8396856784820557
elle,elle,2,2.1210334300994873
elle,elle,2,1.902153491973877
elle,elle,2,2.332383394241333
elle,elle,2,2.20582914352417
elle,elle,2,2.879577398300171
elle,elle,2,2.248161554336548
elle,elle,2,2.173356294631958
elle,elle,2,1.7768927812576294
elle,elle,2,2.0361409187316895
elle,elle,2,2.246676445007324
elle,elle,2,2.3160645961761475
elle,elle,2,2.25946307182312
elle,elle,2,2.5741941928863525
elle,elle,2,2.346588611602783
elle,elle,2,1.9149065017700195
elle,elle,2,1.9304558038711548
elle,elle,2,2.685490608215332
elle,elle,2,1.744823932647705
elle,elle,2,2.550736904144287
elle,elle,2,2.086900472640991
elle,elle,2,1.5597907304763794
elle,elle,2,2.2911880016326904
elle,elle,2,1.5325020551681519
elle,elle,2,2.3217484951019287
elle,elle,2,1.9113574028015137
elle,elle,2,2.7601442337036133
elle,elle,2,1.878217339515686
elle,elle,2,2.0745396614074707
elle,elle,2,2.1252479553222656
elle,elle,2,2.1877145767211914
elle,elle,2,1.9465116262435913
elle,elle,2,2.059061288833618
elle,elle,2,1.5782184600830078
elle,elle,2,2.098048448562622
elle,elle,2,2.286555051803589
elle,elle,2,2.046213150024414
elle,elle,2,2.625593662261963
elle,elle,2,1.928848385810852
elle,elle,2,2.114480972290039
elle,elle,2,1.8575981855392456
elle,elle,2,2.1528396606445312
elle,elle,2,2.3162028789520264
elle,elle,2,2.1695146560668945
elle,elle,2,1.8752230405807495
elle,elle,2,2.1654703617095947
elle,elle,2,1.488706350326538
elle,elle,2,1.6545671224594116
elle,elle,2,2.0628890991210938
elle,elle,2,1.7714931964874268
elle,elle,2,2.2714040279388428
elle,elle,2,1.343453288078308
elle,elle,2,2.3157567977905273
elle,elle,2,1.8070461750030518
elle,elle,2,1.9992839097976685
elle,elle,2,2.4845149517059326
elle,elle,2,2.040839433670044
elle,elle,2,2.2353127002716064
elle,elle,2,1.874303936958313
elle,elle,2,1.638196587562561
elle,elle,2,2.0318329334259033
elle,elle,2,2.4518301486968994
elle,elle,2,2.3347408771514893
elle,elle,2,2.130817413330078
elle,elle,2,1.8173331022262573
elle,elle,2,1.400325059890747
elle,elle,2,1.9934606552124023
elle,elle,2,1.610748291015625
elle,elle,2,1.8416023254394531
elle,elle,2,2.1822547912597656
elle,elle,2,1.8351417779922485
elle,elle,2,2.384167194366455
elle,elle,2,1.1593908071517944
elle,elle,2,2.036699056625366
elle,elle,2,1.4920309782028198
elle,elle,2,2.5594534873962402
elle,elle,2,1.9143604040145874
elle,elle,2,1.7495440244674683
elle,elle,2,2.0070040225982666
elle,elle,2,2.0999505519866943
elle,elle,2,1.9935663938522339
elle,elle,2,2.03916335105896
elle,elle,2,2.255344867706299
elle,elle,2,1.154953956604004
elle,elle,2,1.9578145742416382
elle,elle,2,2.2916715145111084
elle,elle,2,2.180968761444092
elle,elle,2,2.5229387283325195
elle,elle,2,1.9011054039001465
elle,elle,2,2.172346353530884
elle,elle,2,1.7714927196502686
elle,elle,2,1.9896365404129028
elle,elle,2,2.133293867111206
elle,elle,2,1.97837495803833
elle,elle,2,1.8493678569793701
elle,elle,2,1.4872639179229736
elle,elle,2,1.9043073654174805
elle,elle,2,1.5724848508834839
elle,elle,2,1.6367675065994263
elle,elle,2,1.7975231409072876
elle,elle,2,1.7495737075805664
elle,elle,2,1.814995288848877
elle,elle,2,1.867492914199829
elle,elle,2,2.002359390258789
elle,elle,2,1.7921839952468872
elle,elle,2,2.181807041168213
elle,elle,2,1.7057534456253052
elle,elle,2,1.6576634645462036
elle,elle,2,2.4239602088928223
elle,elle,2,2.077266216278076
elle,elle,2,1.9892762899398804
elle,elle,2,2.4635798931121826
elle,elle,2,2.1205708980560303
elle,elle,2,2.5214319229125977
elle,elle,2,2.5494253635406494
elle,elle,2,2.365506410598755
elle,elle,2,2.3626620769500732
elle,elle,2,2.247232675552368
elle,elle,2,2.1739542484283447
elle,elle,2,1.5944371223449707
elle,elle,2,2.1567935943603516
elle,elle,2,1.8846361637115479
elle,elle,2,2.257570743560791
elle,elle,2,1.9154958724975586
elle,elle,2,1.919748306274414
elle,elle,2,1.9481818675994873
elle,elle,2,1.6884957551956177
elle,elle,2,2.2814741134643555
elle,elle,2,1.8536133766174316
elle,elle,2,2.0151214599609375
elle,elle,2,1.6068179607391357
elle,elle,2,1.9799481630325317
elle,elle,2,1.965441346168518
elle,elle,2,1.5959974527359009
elle,elle,2,2.3384225368499756
elle,elle,2,2.190929889678955
elle,elle,2,2.069401502609253
elle,elle,2,2.1953835487365723
elle,elle,2,1.9216718673706055
elle,elle,2,2.0381505489349365
elle,elle,2,1.9654691219329834
elle,elle,2,1.6689949035644531
elle,elle,2,1.9705907106399536
elle,elle,2,1.900869369506836
elle,elle,2,1.7348576784133911
elle,elle,2,1.8522653579711914
elle,elle,2,1.7670060396194458
elle,elle,2,1.1125389337539673
elle,elle,2,1.6447374820709229
elle,elle,2,1.3240325450897217
elle,elle,2,1.5606273412704468
elle,elle,2,1.4835774898529053
elle,elle,2,1.0305795669555664
elle,elle,2,1.8879469633102417
elle,elle,2,2.395606756210327
elle,elle,2,1.67888605594635
elle,elle,2,2.391542911529541
elle,elle,2,2.2334635257720947
elle,elle,2,1.5992635488510132
elle,elle,2,1.4970290660858154
elle,elle,2,1.8667351007461548
elle,elle,2,1.6911609172821045
elle,elle,2,2.042569875717163
elle,elle,2,1.7860240936279297
elle,elle,2,2.112304925918579
elle,elle,2,2.420564651489258
elle,elle,2,1.9391968250274658
elle,elle,2,2.0472323894500732
elle,elle,2,1.9329880475997925
elle,elle,2,1.6651430130004883
elle,elle,2,1.9429011344909668
elle,elle,2,1.9579676389694214
elle,elle,2,2.2632386684417725
elle,elle,2,2.0845119953155518
elle,elle,2,1.5605342388153076
elle,elle,2,2.491673469543457
elle,elle,2,2.3755040168762207
elle,elle,2,2.8840320110321045
elle,elle,2,1.7271314859390259
elle,elle,2,1.6697062253952026
elle,elle,2,1.9561139345169067
elle,elle,2,1.8827558755874634
elle,elle,2,1.264427900314331
elle,elle,2,2.0186500549316406
elle,elle,2,2.30676007270813
elle,elle,2,2.128002882003784
elle,elle,2,1.342161774635315
elle,elle,2,1.8918241262435913
elle,elle,2,1.9345648288726807
elle,elle,2,2.0843920707702637
elle,elle,2,2.3106746673583984
elle,elle,2,1.8482294082641602
elle,elle,2,1.9322460889816284
elle,elle,2,2.3846404552459717
elle,elle,2,1.8720866441726685
elle,elle,2,1.7259185314178467
elle,elle,2,2.2736363410949707
elle,elle,2,2.320422887802124
elle,elle,2,2.4963033199310303
elle,elle,3,2.5004470348358154
elle,elle,3,2.4493837356567383
elle,elle,3,2.7062177658081055
elle,elle,3,2.189175605773926
elle,elle,3,1.8766090869903564
elle,elle,3,2.000006914138794
elle,elle,3,1.8956048488616943
elle,elle,3,2.1925008296966553
elle,elle,3,1.9963252544403076
elle,elle,3,2.3048088550567627
elle,elle,3,1.9053902626037598
elle,elle,3,2.614741325378418
elle,elle,3,2.447780132293701
elle,elle,3,2.3029966354370117
elle,elle,3,2.0420124530792236
elle,elle,3,2.4169530868530273
elle,elle,3,2.6464202404022217
elle,elle,3,1.789596438407898
elle,elle,3,2.1073246002197266
elle,elle,3,2.6590793132781982
elle,elle,3,1.8324368000030518
elle,elle,3,1.9275237321853638
elle,elle,3,2.1975550651550293
elle,elle,3,2.509331464767456
elle,elle,3,2.383636474609375
elle,elle,3,2.559269905090332
elle,elle,3,2.453693389892578
elle,elle,3,2.1884400844573975
elle,elle,3,2.279658555984497
elle,elle,3,2.286299705505371
elle,elle,3,2.030769109725952
elle,elle,3,2.4849579334259033
elle,elle,3,2.161642074584961
elle,elle,3,2.5324606895446777
elle,elle,3,2.308485984802246
elle,elle,3,2.155438184738159
elle,elle,3,2.0859792232513428
elle,elle,3,1.9032714366912842
elle,elle,3,1.8665480613708496
elle,elle,3,2.486123561859131
elle,elle,3,1.953515887260437
elle,elle,3,2.0696663856506348
elle,elle,3,2.245854616165161
elle,elle,3,2.1526687145233154
elle,elle,3,2.109368324279785
elle,elle,3,2.007627487182617
elle,elle,3,2.339628219604492
elle,elle,3,2.130483627319336
elle,elle,3,2.177858352661133
elle,elle,3,1.8449772596359253
elle,elle,3,2.264753818511963
elle,elle,3,2.268390655517578
elle,elle,3,2.4740467071533203
elle,elle,3,2.232451915740967
elle,elle,3,2.341726541519165
elle,elle,3,2.243908405303955
elle,elle,3,2.1361966133117676
elle,elle,3,1.9055994749069214
elle,elle,3,2.4225127696990967
elle,elle,3,2.018663167953491
elle,elle,3,2.1375396251678467
elle,elle,3,2.4816997051239014
elle,elle,3,2.2537307739257812
elle,elle,3,2.2132349014282227
elle,elle,3,1.4809123277664185
elle,elle,3,2.7151706218719482
elle,elle,3,2.0693271160125732
elle,elle,3,2.189176321029663
elle,elle,3,2.4327316284179688
elle,elle,3,2.408222198486328
elle,elle,3,1.9583909511566162
elle,elle,3,2.00710391998291
elle,elle,3,1.9138784408569336
elle,elle,3,2.074442148208618
elle,elle,3,2.2969539165496826
elle,elle,3,2.443434715270996
elle,elle,3,1.8349828720092773
elle,elle,3,2.085561990737915
elle,elle,3,1.8651454448699951
elle,elle,3,2.078974962234497
elle,elle,3,2.145118236541748
elle,elle,3,2.6632137298583984
elle,elle,3,2.033440351486206
elle,elle,3,2.068953037261963
elle,elle,3,1.9711838960647583
elle,elle,3,2.1841506958007812
elle,elle,3,1.9034918546676636
elle,elle,3,2.125581979751587
elle,elle,3,2.1750071048736572
elle,elle,3,2.144956111907959
elle,elle,3,1.8665229082107544
elle,elle,3,2.021003246307373
elle,elle,3,2.034672498703003
elle,elle,3,2.3761191368103027
elle,elle,3,2.540208578109741
elle,elle,3,2.347979784011841
elle,elle,3,2.343010425567627
elle,elle,3,2.3537864685058594
elle,elle,3,1.6144112348556519
elle,elle,3,2.1160993576049805
elle,elle,3,2.0485734939575195
elle,elle,3,2.2391228675842285
elle,elle,3,1.87665593624115
elle,elle,3,2.582098960876465
elle,elle,3,1.9278614521026611
elle,elle,3,2.2568960189819336
elle,elle,3,2.206787109375
elle,elle,3,1.6402441263198853
elle,elle,3,2.0662498474121094
elle,elle,3,1.9382926225662231
elle,elle,3,2.1543307304382324
elle,elle,3,2.0680205821990967
elle,elle,3,2.0474853515625
elle,elle,3,1.975579023361206
elle,elle,3,2.172435760498047
elle,elle,3,2.181173801422119
elle,elle,3,1.9976158142089844
elle,elle,3,1.8913452625274658
elle,elle,3,2.0831780433654785
elle,elle,3,2.045269012451172
elle,elle,3,1.9449557065963745
elle,elle,3,1.6386899948120117
elle,elle,3,2.363295078277588
elle,elle,3,2.001432418823242
elle,elle,3,2.3409905433654785
elle,elle,3,2.563215732574463
elle,elle,3,2.464726209640503
elle,elle,3,2.2815678119659424
elle,elle,3,2.7193312644958496
elle,elle,3,2.7018189430236816
elle,elle,3,2.2393267154693604
elle,elle,3,2.5963094234466553
elle,elle,3,2.766587018966675
elle,elle,3,1.9616657495498657
elle,elle,3,2.723207712173462
elle,elle,3,2.6724836826324463
elle,elle,3,2.4495205879211426
elle,elle,3,2.714099168777466
elle,elle,3,2.583540678024292
elle,elle,3,2.5053322315216064
elle,elle,3,2.625392198562622
elle,elle,3,2.513507843017578
elle,elle,3,2.478245735168457
elle,elle,3,2.1139347553253174
elle,elle,3,2.706841468811035
elle,elle,3,2.266148567199707
elle,elle,3,2.382134199142456
elle,elle,3,2.51792573928833
elle,elle,3,2.59053373336792
elle,elle,3,2.6717567443847656
elle,elle,3,2.4736478328704834
elle,elle,3,2.3572115898132324
elle,elle,3,2.773989200592041
elle,elle,3,2.324957847595215
elle,elle,3,1.9637073278427124
elle,elle,3,2.8520400524139404
elle,elle,3,2.679260492324829
elle,elle,3,2.80010986328125
elle,elle,3,2.431513547897339
elle,elle,3,2.572314739227295
elle,elle,3,2.651099681854248
elle,elle,3,2.6082394123077393
elle,elle,3,2.4184203147888184
elle,elle,3,2.4293179512023926
elle,elle,3,2.4955809116363525
elle,elle,3,2.4822754859924316
elle,elle,3,2.55953049659729
elle,elle,3,2.1709940433502197
elle,elle,3,2.6137633323669434
elle,elle,3,2.616804599761963
elle,elle,3,2.498328685760498
elle,elle,3,2.7879815101623535
elle,elle,3,2.5086562633514404
elle,elle,3,2.217907428741455
elle,elle,3,2.266641855239868
elle,elle,3,2.411285877227783
elle,elle,3,2.827659845352173
elle,elle,3,1.9530055522918701
elle,elle,3,1.9206942319869995
elle,elle,3,2.6491446495056152
elle,elle,3,2.492882251739502
elle,elle,3,2.4252657890319824
elle,elle,3,2.7184860706329346
elle,elle,3,2.6341402530670166
elle,elle,3,0.8092350363731384
elle,elle,3,1.2717031240463257
elle,elle,3,2.18692684173584
elle,elle,3,2.0303802490234375
elle,elle,3,2.1495840549468994
elle,elle,3,2.2648916244506836
elle,elle,3,2.2249085903167725
elle,elle,3,2.1460678577423096
elle,elle,3,2.3290505409240723
elle,elle,3,2.381462812423706
elle,elle,3,2.316035032272339
elle,elle,3,2.3620798587799072
elle,elle,3,2.131657838821411
elle,elle,3,2.406432628631592
elle,elle,3,2.2841813564300537
elle,elle,3,2.3687069416046143
elle,elle,3,1.7255560159683228
elle,elle,3,1.7704358100891113
elle,elle,3,2.410874843597412
elle,elle,3,2.1685500144958496
elle,elle,3,2.375466823577881
elle,elle,3,2.834505081176758
elle,elle,3,2.245311737060547
elle,elle,3,2.4590344429016113
elle,elle,3,2.5139663219451904
elle,elle,3,2.0031135082244873
elle,elle,3,2.4758412837982178
elle,elle,3,2.195544481277466
elle,elle,3,2.3524985313415527
elle,elle,3,2.247903823852539
elle,elle,3,2.318056106567383
elle,elle,3,2.3684804439544678
elle,elle,3,2.1929783821105957
elle,elle,3,2.4567267894744873
elle,elle,3,2.5596792697906494
elle,elle,3,2.212846279144287
elle,elle,3,2.3002078533172607
elle,elle,3,2.142136573791504
elle,elle,3,2.3008735179901123
elle,elle,3,2.0362820625305176
elle,elle,3,2.372302532196045
elle,elle,3,2.1318283081054688
elle,elle,3,2.4380812644958496
elle,elle,3,2.1517245769500732
elle,elle,3,2.500626564025879
elle,elle,3,2.3909976482391357
elle,elle,3,2.3620407581329346
elle,elle,3,2.2199454307556152
elle,elle,3,2.2238609790802
elle,elle,3,2.3896164894104004
elle,elle,3,2.613142251968384
elle,elle,3,2.3072826862335205
elle,elle,3,2.2881550788879395
elle,elle,3,2.1906983852386475
elle,elle,3,2.502063512802124
elle,elle,3,2.752314329147339
elle,elle,3,2.4447133541107178
elle,elle,3,2.589554786682129
elle,elle,3,2.6404354572296143
elle,elle,3,2.3156254291534424
elle,elle,3,2.355682611465454
elle,elle,3,2.4210479259490967
elle,elle,3,2.4264333248138428
elle,elle,3,1.8502341508865356
elle,elle,3,2.262887716293335
elle,elle,3,2.373490810394287
elle,elle,3,2.319378137588501
elle,elle,3,2.538133382797241
elle,elle,3,2.320136785507202
elle,elle,3,2.1784589290618896
elle,elle,3,2.6782267093658447
elle,elle,3,2.2756972312927246
elle,elle,3,2.52579927444458
elle,elle,3,2.018592596054077
elle,elle,3,2.3037612438201904
elle,elle,3,2.288290500640869
elle,elle,3,2.431195020675659
elle,elle,3,2.115807294845581
elle,elle,3,2.307307720184326
elle,elle,3,1.838080644607544
elle,elle,3,1.8766114711761475
elle,elle,3,2.1753180027008057
elle,elle,3,2.355349540710449
elle,elle,3,2.294673204421997
elle,elle,3,2.2352712154388428
elle,elle,3,2.3787004947662354
elle,elle,3,2.3184618949890137
elle,elle,3,2.3620381355285645
elle,elle,3,2.1556975841522217
elle,elle,3,2.2628278732299805
elle,elle,3,1.8846137523651123
elle,elle,3,1.859964370727539
elle,elle,3,2.3414347171783447
elle,elle,3,2.0149145126342773
elle,elle,3,2.124054431915283
elle,elle,3,2.604093074798584
elle,elle,3,2.3120901584625244
elle,elle,3,2.2811782360076904
elle,elle,3,2.1468865871429443
elle,elle,3,2.296072006225586
elle,elle,3,2.4417037963867188
elle,elle,3,2.4076507091522217
elle,elle,3,2.104093313217163
elle,elle,3,2.438386917114258
elle,elle,3,2.6616270542144775
elle,elle,3,2.0870423316955566
elle,elle,3,1.9971243143081665
elle,elle,3,2.297430992126465
elle,elle,3,2.25819730758667
elle,elle,3,2.3636395931243896
elle,elle,3,2.405176877975464
elle,elle,3,2.45121169090271
elle,elle,3,2.368875503540039
elle,elle,3,2.516526937484741
elle,elle,3,2.055055618286133
elle,elle,3,2.171894073486328
elle,elle,3,1.9508970975875854
elle,elle,3,1.9443303346633911
elle,elle,3,1.9988046884536743
elle,elle,3,2.49379825592041
elle,elle,3,2.367664337158203
elle,elle,3,2.253376007080078
elle,elle,3,2.3723742961883545
elle,elle,3,2.5267200469970703
elle,elle,3,2.0285844802856445
elle,elle,3,2.0433669090270996
elle,elle,3,2.180695056915283
elle,elle,3,1.9222489595413208
elle,elle,3,1.467037320137024
elle,elle,3,2.4003076553344727
elle,elle,3,2.3831682205200195
elle,elle,3,2.2716763019561768
elle,elle,3,2.3867428302764893
elle,elle,3,2.8952529430389404
elle,elle,3,1.6799850463867188
elle,elle,3,2.2859599590301514
elle,elle,3,2.6610002517700195
elle,elle,3,1.8337966203689575
elle,elle,3,2.287987470626831
elle,elle,3,2.6763434410095215
elle,elle,3,2.4427764415740967
elle,elle,3,2.1099207401275635
elle,elle,3,2.1374335289001465
elle,elle,3,1.9265213012695312
elle,elle,3,2.240840196609497
elle,elle,3,2.3196983337402344
elle,elle,3,2.3284943103790283
elle,elle,3,1.42426335811615
elle,elle,3,2.433563232421875
elle,elle,3,2.2683451175689697
elle,elle,3,2.5281403064727783
elle,elle,3,2.0631210803985596
elle,elle,3,2.061537504196167
elle,elle,3,2.583822727203369
elle,elle,3,2.56769061088562
elle,elle,3,2.2342920303344727
elle,elle,3,2.238800525665283
elle,elle,3,2.063950300216675
elle,elle,3,2.4685819149017334
elle,elle,3,1.9250777959823608
elle,elle,4,2.33091139793396
elle,elle,4,2.565335273742676
elle,elle,4,2.4426662921905518
elle,elle,4,2.5638232231140137
elle,elle,4,2.645366907119751
elle,elle,4,2.365609645843506
elle,elle,4,2.0565836429595947
elle,elle,4,2.4727377891540527
elle,elle,4,2.366513252258301
elle,elle,4,2.4927561283111572
elle,elle,4,2.288933515548706
elle,elle,4,2.2160847187042236
elle,elle,4,2.4721734523773193
elle,elle,4,2.393559694290161
elle,elle,4,2.615009307861328
elle,elle,4,2.400803804397583
elle,elle,4,2.500197410583496
elle,elle,4,2.785649299621582
elle,elle,4,2.3599655628204346
elle,elle,4,2.3859143257141113
elle,elle,4,2.714578866958618
elle,elle,4,2.5536322593688965
elle,elle,4,2.4436798095703125
elle,elle,4,2.5881996154785156
elle,elle,4,2.415390968322754
elle,elle,4,2.384446859359741
elle,elle,4,2.2936670780181885
elle,elle,4,2.3386425971984863
elle,elle,4,2.265409231185913
elle,elle,4,2.489405393600464
elle,elle,4,2.0716097354888916
elle,elle,4,2.6347053050994873
elle,elle,4,2.3500821590423584
elle,elle,4,2.3459930419921875
elle,elle,4,2.2630584239959717
elle,elle,4,2.4111201763153076
elle,elle,4,2.3871052265167236
elle,elle,4,2.2071266174316406
elle,elle,4,2.669856309890747
elle,elle,4,2.2095117568969727
elle,elle,4,2.184101104736328
elle,elle,4,2.36804461479187
elle,elle,4,2.2803189754486084
elle,elle,4,2.4736063480377197
elle,elle,4,2.769040107727051
elle,elle,4,2.6453895568847656
elle,elle,4,2.438100576400757
elle,elle,4,2.507697105407715
elle,elle,4,2.5713531970977783
elle,elle,4,2.1889710426330566
elle,elle,4,2.5536322593688965
elle,elle,4,2.519412040710449
elle,elle,4,2.4491798877716064
elle,elle,4,2.520989418029785
elle,elle,4,2.2273261547088623
elle,elle,4,2.3242268562316895
elle,elle,4,2.761547327041626
elle,elle,4,2.2876274585723877
elle,elle,4,2.726409912109375
elle,elle,4,2.487748146057129
elle,elle,4,2.5407943725585938
elle,elle,4,2.218555450439453
elle,elle,4,2.205519676208496
elle,elle,4,2.7810006141662598
elle,elle,4,2.4005610942840576
elle,elle,4,2.305098533630371
elle,elle,4,2.3889527320861816
elle,elle,4,2.400702476501465
elle,elle,4,2.23453426361084
elle,elle,4,2.228635787963867
elle,elle,4,2.5399885177612305
elle,elle,4,2.5718955993652344
elle,elle,4,2.307307720184326
elle,elle,4,2.343693971633911
elle,elle,4,2.5340347290039062
elle,elle,4,2.6157355308532715
elle,elle,4,2.458690881729126
elle,elle,4,2.783999443054199
elle,elle,4,2.548107147216797
elle,elle,4,2.3923239707946777
elle,elle,4,2.2364771366119385
elle,elle,4,2.3655283451080322
elle,elle,4,2.3175272941589355
elle,elle,4,2.6936235427856445
elle,elle,4,2.292760133743286
elle,elle,4,2.582767963409424
elle,elle,4,2.47456693649292
elle,elle,4,2.680955410003662
elle,elle,4,2.303277015686035
elle,elle,4,2.3918676376342773
elle,elle,4,2.59041428565979
elle,elle,4,2.642857313156128
elle,elle,4,2.151209831237793
elle,elle,4,2.510542631149292
elle,elle,4,2.2743518352508545
elle,elle,4,2.249687910079956
elle,elle,4,2.1949303150177
elle,elle,4,2.6311862468719482
elle,elle,4,2.5091497898101807
elle,elle,4,2.8235714435577393
elle,elle,4,2.467167377471924
elle,elle,4,2.42891788482666
elle,elle,4,2.638012170791626
elle,elle,4,2.2389719486236572
elle,elle,4,2.432973861694336
elle,elle,4,2.6280884742736816
elle,elle,4,2.532100200653076
elle,elle,4,2.469686508178711
elle,elle,4,2.5447402000427246
elle,elle,4,2.829007863998413
elle,elle,4,2.2359349727630615
elle,elle,4,2.4939935207366943
elle,elle,4,2.785273790359497
elle,elle,4,2.5150821208953857
elle,elle,4,2.3725266456604004
elle,elle,4,2.942014694213867
elle,elle,4,2.5025033950805664
elle,elle,4,2.489518404006958
elle,elle,4,2.582949161529541
elle,elle,4,2.623587131500244
elle,elle,4,3.1617586612701416
elle,elle,4,2.75756573677063
elle,elle,4,2.7330169677734375
elle,elle,4,2.6651241779327393
elle,elle,4,2.7990164756774902
elle,elle,4,2.554063320159912
elle,elle,4,2.545581817626953
elle,elle,4,2.619356155395508
elle,elle,4,2.649617910385132
elle,elle,4,2.4633498191833496
elle,elle,4,2.6048996448516846
elle,elle,4,2.611830472946167
elle,elle,4,2.6930084228515625
elle,elle,4,2.5767829418182373
elle,elle,4,2.6942968368530273
elle,elle,4,2.4964094161987305
elle,elle,4,2.6883513927459717
elle,elle,4,2.5684499740600586
elle,elle,4,2.582343578338623
elle,elle,4,2.588582754135132
elle,elle,4,3.0385594367980957
elle,elle,4,2.66473650932312
elle,elle,4,2.7682313919067383
elle,elle,4,2.9975509643554688
elle,elle,4,3.1612637042999268
elle,elle,4,2.6766834259033203
elle,elle,4,2.528369903564453
elle,elle,4,2.5996267795562744
elle,elle,4,2.5929808616638184
elle,elle,4,2.6778531074523926
elle,elle,4,2.6189630031585693
elle,elle,4,2.655984401702881
elle,elle,4,2.9241673946380615
elle,elle,4,2.5839693546295166
elle,elle,4,3.2193984985351562
elle,elle,4,2.7254836559295654
elle,elle,4,2.775977849960327
elle,elle,4,2.71380877494812
elle,elle,4,2.786113739013672
elle,elle,4,2.7652652263641357
elle,elle,4,2.7606184482574463
elle,elle,4,2.7117645740509033
elle,elle,4,2.567220449447632
elle,elle,4,2.7741758823394775
elle,elle,4,2.6860384941101074
elle,elle,4,2.683356523513794
elle,elle,4,2.721738815307617
elle,elle,4,2.5998404026031494
elle,elle,4,2.527041435241699
elle,elle,4,2.6137819290161133
elle,elle,4,2.571800947189331
elle,elle,4,2.8303143978118896
elle,elle,4,2.607211112976074
elle,elle,4,2.5477020740509033
elle,elle,4,2.709120035171509
elle,elle,4,2.845283031463623
elle,elle,4,2.8345108032226562
elle,elle,4,2.8951339721679688
elle,elle,4,2.661762237548828
elle,elle,4,2.608572483062744
elle,elle,4,2.2732439041137695
elle,elle,4,2.2125158309936523
elle,elle,4,2.6188435554504395
elle,elle,4,2.523993968963623
elle,elle,4,2.4731123447418213
elle,elle,4,2.5389082431793213
elle,elle,4,2.8857643604278564
elle,elle,4,2.5603487491607666
elle,elle,4,2.509443759918213
elle,elle,4,2.636157512664795
elle,elle,4,2.4515633583068848
elle,elle,4,2.353428602218628
elle,elle,4,2.6079444885253906
elle,elle,4,2.4126672744750977
elle,elle,4,2.4519546031951904
elle,elle,4,2.5435543060302734
elle,elle,4,2.6509079933166504
elle,elle,4,2.3820645809173584
elle,elle,4,2.5570497512817383
elle,elle,4,2.6443052291870117
elle,elle,4,2.549058437347412
elle,elle,4,2.319763422012329
elle,elle,4,2.4496891498565674
elle,elle,4,2.6125173568725586
elle,elle,4,2.811086416244507
elle,elle,4,2.557549476623535
elle,elle,4,2.513303756713867
elle,elle,4,2.6263794898986816
elle,elle,4,2.6048240661621094
elle,elle,4,2.6043474674224854
elle,elle,4,2.3753769397735596
elle,elle,4,2.32389760017395
elle,elle,4,2.4878551959991455
elle,elle,4,2.255969285964966
elle,elle,4,2.2295725345611572
elle,elle,4,2.2750489711761475
elle,elle,4,2.232173204421997
elle,elle,4,2.4823412895202637
elle,elle,4,2.804532527923584
elle,elle,4,2.264901638031006
elle,elle,4,2.3376588821411133
elle,elle,4,2.5512802600860596
elle,elle,4,2.388504981994629
elle,elle,4,2.3650543689727783
elle,elle,4,2.257650375366211
elle,elle,4,2.3559746742248535
elle,elle,4,2.6300957202911377
elle,elle,4,2.0216526985168457
elle,elle,4,2.489356756210327
elle,elle,4,2.325620174407959
elle,elle,4,2.2369914054870605
elle,elle,4,2.2866647243499756
elle,elle,4,2.3595855236053467
elle,elle,4,2.3571035861968994
elle,elle,4,2.66593074798584
elle,elle,4,2.437772274017334
elle,elle,4,2.5616555213928223
elle,elle,4,2.4638195037841797
elle,elle,4,2.494814872741699
elle,elle,4,2.7073960304260254
elle,elle,4,2.679633617401123
elle,elle,4,2.607794761657715
elle,elle,4,2.3585238456726074
elle,elle,4,2.493454933166504
elle,elle,4,2.495114326477051
elle,elle,4,2.20900821685791
elle,elle,4,2.3606913089752197
elle,elle,4,2.5071818828582764
elle,elle,4,2.225504159927368
elle,elle,4,2.4282045364379883
elle,elle,4,2.5424458980560303
elle,elle,4,2.509751319885254
elle,elle,4,2.531269073486328
elle,elle,4,2.424776077270508
elle,elle,4,2.561350107192993
elle,elle,4,2.116870164871216
elle,elle,4,2.520994186401367
elle,elle,4,2.5157313346862793
icle500,icle500,3,3.370622158050537
icle500,icle500,3,3.4858386516571045
icle500,icle500,4,3.4722251892089844
icle500,icle500,3,2.7510616779327393
icle500,icle500,3,3.211310863494873
icle500,icle500,3,3.436426877975464
icle500,icle500,4,3.0157947540283203
icle500,icle500,4,3.5694572925567627
icle500,icle500,4,3.7231545448303223
icle500,icle500,3,2.732966661453247
icle500,icle500,3,3.5371432304382324
icle500,icle500,3,3.473958969116211
icle500,icle500,3,2.888673782348633
icle500,icle500,3,2.9635491371154785
icle500,icle500,3,3.636863946914673
icle500,icle500,4,2.9013724327087402
icle500,icle500,2,2.88714337348938
icle500,icle500,3,3.222458600997925
icle500,icle500,4,3.131056547164917
icle500,icle500,2,3.315974235534668
icle500,icle500,4,3.470324993133545
icle500,icle500,4,3.19777512550354
icle500,icle500,2,3.5008974075317383
icle500,icle500,3,3.4140496253967285
icle500,icle500,3,2.5752241611480713
icle500,icle500,3,2.7892837524414062
icle500,icle500,3,3.3811049461364746
icle500,icle500,4,3.4909627437591553
icle500,icle500,3,3.6143314838409424
icle500,icle500,3,3.097527027130127
icle500,icle500,3,2.857879877090454
icle500,icle500,3,3.0840182304382324
icle500,icle500,4,3.189253807067871
icle500,icle500,3,2.939134359359741
icle500,icle500,4,3.272704839706421
icle500,icle500,4,3.5407721996307373
icle500,icle500,2,2.7320635318756104
icle500,icle500,3,3.29682993888855
icle500,icle500,2,3.409010410308838
icle500,icle500,2,3.451751232147217
icle500,icle500,2,3.4528493881225586
icle500,icle500,2,2.808274507522583
icle500,icle500,3,3.5299627780914307
icle500,icle500,3,2.8402769565582275
icle500,icle500,2,3.0579888820648193
icle500,icle500,2,3.172802448272705
icle500,icle500,2,3.6714415550231934
icle500,icle500,3,3.342698335647583
icle500,icle500,3,2.787750005722046
icle500,icle500,3,3.350630044937134
icle500,icle500,2,2.7456541061401367
icle500,icle500,2,3.261127233505249
icle500,icle500,2,3.362743854522705
icle500,icle500,2,3.110908269882202
icle500,icle500,2,2.998112201690674
icle500,icle500,2,3.1580567359924316
icle500,icle500,2,3.2752022743225098
icle500,icle500,3,3.232088565826416
icle500,icle500,2,2.842663049697876
icle500,icle500,3,3.3719985485076904
icle500,icle500,4,2.8405961990356445
icle500,icle500,2,2.618696451187134
icle500,icle500,2,3.261841297149658
icle500,icle500,3,3.2264511585235596
icle500,icle500,2,3.0430262088775635
icle500,icle500,2,3.5233309268951416
icle500,icle500,3,3.5523898601531982
icle500,icle500,3,3.1342833042144775
icle500,icle500,3,3.2423861026763916
icle500,icle500,2,3.29805326461792
icle500,icle500,4,2.8674540519714355
icle500,icle500,4,3.3604557514190674
icle500,icle500,2,2.5747501850128174
icle500,icle500,3,3.2907259464263916
icle500,icle500,3,3.4471657276153564
icle500,icle500,3,2.7513809204101562
icle500,icle500,2,2.7589282989501953
icle500,icle500,3,3.451585531234741
icle500,icle500,2,2.9478585720062256
icle500,icle500,3,3.1010537147521973
icle500,icle500,4,3.3223626613616943
icle500,icle500,3,3.3152003288269043
icle500,icle500,3,3.2080652713775635
icle500,icle500,4,3.2743287086486816
icle500,icle500,3,3.0745508670806885
icle500,icle500,4,3.482692003250122
icle500,icle500,3,2.7239139080047607
icle500,icle500,3,3.5593295097351074
icle500,icle500,3,3.373116970062256
icle500,icle500,4,3.69915771484375
icle500,icle500,4,3.299851655960083
icle500,icle500,3,3.0975964069366455
icle500,icle500,4,3.114013195037842
icle500,icle500,4,3.2367255687713623
icle500,icle500,4,3.5527331829071045
icle500,icle500,4,3.3535494804382324
icle500,icle500,3,3.676959991455078
icle500,icle500,3,2.888673782348633
icle500,icle500,4,2.7497732639312744
icle500,icle500,4,2.835136890411377
icle500,icle500,3,3.2933712005615234
icle500,icle500,3,2.844456911087036
icle500,icle500,4,3.2286667823791504
icle500,icle500,4,2.8525643348693848
icle500,icle500,4,2.8854355812072754
icle500,icle500,4,3.3290693759918213
icle500,icle500,2,3.464472770690918
icle500,icle500,4,3.6519718170166016
icle500,icle500,4,2.8572633266448975
icle500,icle500,3,2.8175554275512695
icle500,icle500,3,3.255429744720459
icle500,icle500,3,3.315974235534668
icle500,icle500,4,3.453822612762451
icle500,icle500,3,2.858928680419922
icle500,icle500,3,2.473395824432373
icle500,icle500,2,2.6117806434631348
icle500,icle500,4,3.4396843910217285
icle500,icle500,4,3.306094169616699
icle500,icle500,3,3.2552719116210938
icle500,icle500,3,3.1959269046783447
icle500,icle500,3,3.4477362632751465
icle500,icle500,3,2.8785769939422607
icle500,icle500,3,3.2994039058685303
icle500,icle500,4,2.7618722915649414
icle500,icle500,2,3.0631327629089355
icle500,icle500,4,3.235084056854248
icle500,icle500,4,3.5908327102661133
icle500,icle500,3,3.428936243057251
icle500,icle500,4,3.7006094455718994
icle500,icle500,4,3.103729248046875
icle500,icle500,3,3.30879282951355
icle500,icle500,4,3.4860382080078125
icle500,icle500,3,3.5991125106811523
icle500,icle500,4,3.6151375770568848
icle500,icle500,4,3.535719394683838
icle500,icle500,4,3.4064788818359375
icle500,icle500,4,3.060736894607544
icle500,icle500,4,3.6375200748443604
icle500,icle500,4,3.423551559448242
icle500,icle500,4,2.9888150691986084
icle500,icle500,4,3.605527639389038
icle500,icle500,4,3.5684986114501953
icle500,icle500,4,3.097527027130127
icle500,icle500,4,3.3305952548980713
icle500,icle500,3,3.2742903232574463
icle500,icle500,4,3.154937267303467
icle500,icle500,4,3.060736894607544
icle500,icle500,4,3.491555690765381
icle500,icle500,4,3.3126466274261475
icle500,icle500,4,2.762138843536377
icle500,icle500,4,3.5592997074127197
icle500,icle500,3,2.892915964126587
icle500,icle500,4,3.5928406715393066
icle500,icle500,4,3.144566059112549
icle500,icle500,4,3.3491098880767822
icle500,icle500,4,3.0971672534942627
icle500,icle500,4,3.7339961528778076
icle500,icle500,4,3.4671945571899414
icle500,icle500,3,2.3632287979125977
icle500,icle500,3,3.334158420562744
icle500,icle500,3,3.2635385990142822
icle500,icle500,3,2.8668718338012695
icle500,icle500,2,3.1476056575775146
icle500,icle500,4,2.8698318004608154
icle500,icle500,3,3.648019790649414
icle500,icle500,3,3.232661485671997
icle500,icle500,4,3.215158462524414
icle500,icle500,4,3.324739694595337
icle500,icle500,3,3.560621976852417
icle500,icle500,4,3.636863946914673
icle500,icle500,4,3.1784443855285645
icle500,icle500,4,3.482692003250122
icle500,icle500,3,3.1836535930633545
icle500,icle500,2,3.4291934967041016
icle500,icle500,3,3.311662435531616
icle500,icle500,3,3.3089044094085693
icle500,icle500,3,2.890933036804199
icle500,icle500,4,3.2664732933044434
icle500,icle500,3,3.253237247467041
icle500,icle500,3,3.483293294906616
icle500,icle500,4,3.680527687072754
icle500,icle500,3,3.3173840045928955
icle500,icle500,3,2.7088449001312256
icle500,icle500,3,3.2558090686798096
icle500,icle500,3,3.3550760746002197
icle500,icle500,3,3.745338201522827
icle500,icle500,3,3.420732259750366
icle500,icle500,4,3.4014954566955566
icle500,icle500,3,3.7962913513183594
icle500,icle500,3,3.799436092376709
icle500,icle500,4,3.638395071029663
icle500,icle500,4,3.5996100902557373
icle500,icle500,4,3.4132866859436035
icle500,icle500,3,2.9857637882232666
icle500,icle500,3,3.2486844062805176
icle500,icle500,4,3.299431562423706
icle500,icle500,4,3.599048376083374
icle500,icle500,3,2.987246036529541
icle500,icle500,4,3.112423896789551
icle500,icle500,3,3.8375489711761475
icle500,icle500,3,3.670898914337158
icle500,icle500,4,3.5953762531280518
icle500,icle500,4,3.518087387084961
icle500,icle500,2,3.298480272293091
icle500,icle500,2,3.775256633758545
icle500,icle500,2,3.4277515411376953
icle500,icle500,2,3.237656354904175
icle500,icle500,3,2.74265456199646
icle500,icle500,2,3.3587465286254883
icle500,icle500,3,3.499081611633301
icle500,icle500,3,3.528613328933716
icle500,icle500,2,3.5858609676361084
icle500,icle500,3,3.212238311767578
icle500,icle500,3,3.068798303604126
icle500,icle500,4,3.551548957824707
icle500,icle500,2,3.6289010047912598
icle500,icle500,4,3.1393537521362305
icle500,icle500,4,3.2528774738311768
icle500,icle500,3,3.321768283843994
icle500,icle500,3,3.6014022827148438
icle500,icle500,4,3.7151708602905273
icle500,icle500,4,3.1832938194274902
icle500,icle500,3,3.193355083465576
icle500,icle500,2,3.172197103500366
icle500,icle500,3,3.6003897190093994
icle500,icle500,4,2.985469102859497
icle500,icle500,3,3.234785556793213
icle500,icle500,2,3.201453447341919
icle500,icle500,3,3.4982542991638184
icle500,icle500,3,3.573582172393799
icle500,icle500,4,3.688913106918335
icle500,icle500,3,3.6500914096832275
icle500,icle500,3,3.30669903755188
icle500,icle500,4,3.3570709228515625
icle500,icle500,3,3.7762906551361084
icle500,icle500,4,2.8898205757141113
icle500,icle500,2,2.8824117183685303
icle500,icle500,3,3.795950174331665
icle500,icle500,3,3.360614776611328
icle500,icle500,2,3.225513458251953
icle500,icle500,3,3.29805326461792
icle500,icle500,3,3.2717180252075195
icle500,icle500,3,2.970555305480957
icle500,icle500,2,2.8937973976135254
icle500,icle500,3,3.7738468647003174
icle500,icle500,2,3.0212464332580566
icle500,icle500,3,3.181016206741333
icle500,icle500,2,3.622483253479004
icle500,icle500,2,3.4924707412719727
icle500,icle500,2,3.433858633041382
icle500,icle500,2,2.8346877098083496
icle500,icle500,2,2.840636730194092
icle500,icle500,2,2.822380781173706
icle500,icle500,2,2.8297860622406006
icle500,icle500,2,3.6708011627197266
icle500,icle500,3,3.6295390129089355
icle500,icle500,2,3.144566059112549
icle500,icle500,3,2.806255578994751
icle500,icle500,3,2.7287871837615967
icle500,icle500,1,3.2959487438201904
icle500,icle500,3,3.3278753757476807
icle500,icle500,2,3.112687587738037
icle500,icle500,2,3.3158278465270996
icle500,icle500,2,2.8740739822387695
icle500,icle500,2,3.4764761924743652
icle500,icle500,3,3.0465261936187744
icle500,icle500,2,3.1187539100646973
icle500,icle500,2,2.8854355812072754
icle500,icle500,3,3.1440861225128174
icle500,icle500,2,3.3008530139923096
icle500,icle500,3,3.5425946712493896
icle500,icle500,3,3.315974235534668
icle500,icle500,2,3.536552906036377
icle500,icle500,2,3.3278753757476807
icle500,icle500,3,3.298301935195923
icle500,icle500,3,2.837860107421875
icle500,icle500,4,3.33601450920105
icle500,icle500,2,3.3376288414001465
icle500,icle500,3,3.6822509765625
icle500,icle500,4,2.7987465858459473
icle500,icle500,3,3.4858386516571045
icle500,icle500,3,3.492429494857788
icle500,icle500,3,3.440109968185425
icle500,icle500,3,3.114013195037842
icle500,icle500,3,2.788576126098633
icle500,icle500,3,3.4139349460601807
icle500,icle500,4,3.468702554702759
icle500,icle500,3,3.4332656860351562
icle500,icle500,3,3.1832938194274902
icle500,icle500,4,3.4084208011627197
icle500,icle500,2,3.1575090885162354
icle500,icle500,2,2.9794700145721436
icle500,icle500,3,2.98197603225708
icle500,icle500,4,2.890933036804199
icle500,icle500,4,3.55674147605896
icle500,icle500,4,3.3290693759918213
icle500,icle500,3,3.201449155807495
icle500,icle500,2,2.9367167949676514
icle500,icle500,3,3.2722082138061523
icle500,icle500,4,3.554457664489746
icle500,icle500,4,3.4054369926452637
icle500,icle500,4,3.511364698410034
icle500,icle500,4,3.7100086212158203
icle500,icle500,4,3.604158878326416
icle500,icle500,3,2.9745736122131348
icle500,icle500,4,3.255249500274658
icle500,icle500,4,3.094682455062866
icle500,icle500,4,3.7162091732025146
icle500,icle500,4,3.2578213214874268
icle500,icle500,4,3.4139349460601807
icle500,icle500,4,3.526399612426758
icle500,icle500,3,3.526399612426758
icle500,icle500,4,3.3701484203338623
icle500,icle500,3,2.890200138092041
icle500,icle500,4,3.5277490615844727
icle500,icle500,4,3.722200870513916
icle500,icle500,3,3.154937267303467
icle500,icle500,4,3.053393840789795
icle500,icle500,3,2.892054796218872
icle500,icle500,2,3.7380523681640625
icle500,icle500,3,2.8884270191192627
icle500,icle500,4,2.792062282562256
icle500,icle500,3,3.301103115081787
icle500,icle500,4,3.301103115081787
icle500,icle500,3,2.583165168762207
icle500,icle500,3,3.508699417114258
icle500,icle500,3,3.3877029418945312
icle500,icle500,3,2.822582483291626
icle500,icle500,3,3.315279483795166
icle500,icle500,3,3.5896084308624268
icle500,icle500,3,3.1575090885162354
icle500,icle500,4,3.449371814727783
icle500,icle500,4,2.9164609909057617
icle500,icle500,4,3.255249500274658
icle500,icle500,3,3.2312569618225098
icle500,icle500,3,3.393378257751465
icle500,icle500,4,2.934549570083618
icle500,icle500,3,3.2267446517944336
icle500,icle500,3,2.840636730194092
icle500,icle500,2,3.193355083465576
icle500,icle500,2,3.482361078262329
icle500,icle500,3,2.6839046478271484
icle500,icle500,3,3.419193744659424
icle500,icle500,2,3.2923941612243652
icle500,icle500,2,3.3114171028137207
icle500,icle500,2,3.33164119720459
icle500,icle500,2,3.649630546569824
icle500,icle500,2,3.7249271869659424
icle500,icle500,3,3.680022716522217
icle500,icle500,3,3.4415688514709473
icle500,icle500,3,3.503528356552124
icle500,icle500,2,3.605189323425293
icle500,icle500,2,3.7401745319366455
icle500,icle500,2,3.304002285003662
icle500,icle500,2,3.688913106918335
icle500,icle500,3,3.4205081462860107
icle500,icle500,2,3.188459634780884
icle500,icle500,4,3.722200870513916
icle500,icle500,4,3.255249500274658
icle500,icle500,4,3.5621111392974854
icle500,icle500,4,3.2062747478485107
icle500,icle500,4,3.4426164627075195
icle500,icle500,3,3.2125861644744873
icle500,icle500,4,3.4054369926452637
icle500,icle500,4,2.8206138610839844
icle500,icle500,3,2.2501931190490723
icle500,icle500,4,3.197770833969116
icle500,icle500,4,3.163416862487793
icle500,icle500,3,2.8954639434814453
icle500,icle500,4,3.4396843910217285
icle500,icle500,4,3.4114010334014893
icle500,icle500,3,3.451585531234741
icle500,icle500,4,3.4684505462646484
icle500,icle500,4,3.706580877304077
icle500,icle500,4,3.5534775257110596
icle500,icle500,4,3.455726385116577
icle500,icle500,4,3.8064842224121094
icle500,icle500,3,2.8675148487091064
icle500,icle500,4,2.798600673675537
icle500,icle500,3,2.99403715133667
icle500,icle500,3,2.9066123962402344
icle500,icle500,3,2.927279233932495
icle500,icle500,3,3.1825904846191406
icle500,icle500,3,3.1722497940063477
icle500,icle500,3,3.4042303562164307
icle500,icle500,3,3.4709057807922363
icle500,icle500,3,2.750028133392334
icle500,icle500,3,3.456345319747925
icle500,icle500,3,3.335764169692993
icle500,icle500,3,3.408632516860962
icle500,icle500,4,2.7771570682525635
icle500,icle500,4,3.833780527114868
icle500,icle500,3,3.4891812801361084
icle500,icle500,3,3.5797555446624756
icle500,icle500,3,2.6379363536834717
icle500,icle500,3,2.9125094413757324
icle500,icle500,4,3.5277490615844727
icle500,icle500,4,3.043954372406006
icle500,icle500,4,3.3089044094085693
icle500,icle500,3,3.2636868953704834
icle500,icle500,4,3.4910426139831543
icle500,icle500,4,3.309152603149414
icle500,icle500,3,3.164322853088379
icle500,icle500,4,3.0395679473876953
icle500,icle500,4,3.254889726638794
icle500,icle500,3,2.9011964797973633
icle500,icle500,4,3.3941452503204346
icle500,icle500,3,3.173908233642578
icle500,icle500,2,2.4596221446990967
icle500,icle500,3,3.3667349815368652
icle500,icle500,3,3.1545774936676025
icle500,icle500,3,2.8928608894348145
icle500,icle500,4,2.9231314659118652
icle500,icle500,3,3.0784878730773926
icle500,icle500,4,2.792123317718506
icle500,icle500,4,2.860689401626587
icle500,icle500,3,3.081446409225464
icle500,icle500,4,3.6674342155456543
icle500,icle500,2,2.9410479068756104
icle500,icle500,3,3.2754130363464355
icle500,icle500,3,2.8605895042419434
icle500,icle500,2,2.6312623023986816
icle500,icle500,3,2.9323127269744873
icle500,icle500,2,2.9550180435180664
icle500,icle500,3,3.284376382827759
icle500,icle500,2,3.228700637817383
icle500,icle500,3,2.77831768989563
icle500,icle500,2,2.5535449981689453
icle500,icle500,2,3.528613328933716
icle500,icle500,2,3.1253676414489746
icle500,icle500,2,3.2941484451293945
icle500,icle500,2,3.406184196472168
icle500,icle500,2,2.4133195877075195
icle500,icle500,3,2.8491950035095215
icle500,icle500,3,3.286001205444336
icle500,icle500,3,3.749661684036255
icle500,icle500,3,3.005448579788208
icle500,icle500,4,3.4291934967041016
icle500,icle500,3,2.8936517238616943
icle500,icle500,4,2.4814209938049316
icle500,icle500,4,3.0705952644348145
icle500,icle500,3,3.3054089546203613
icle500,icle500,4,3.633662223815918
icle500,icle500,4,3.2255396842956543
icle500,icle500,3,3.4585602283477783
icle500,icle500,3,3.168173313140869
icle500,icle500,3,3.103348970413208
icle500,icle500,3,2.7354342937469482
icle500,icle500,3,2.951241970062256
icle500,icle500,3,3.0672757625579834
icle500,icle500,2,2.99403715133667
icle500,icle500,3,3.2363524436950684
icle500,icle500,3,2.2764124870300293
icle500,icle500,2,2.862764596939087
icle500,icle500,2,3.168173313140869
icle500,icle500,2,3.289193868637085
icle500,icle500,2,3.168173313140869
icle500,icle500,4,3.4426164627075195
icle500,icle500,3,3.4987566471099854
icle500,icle500,2,3.0389909744262695
icle500,icle500,2,3.231239080429077
icle500,icle500,2,3.331037998199463
icle500,icle500,3,3.1440861225128174
icle500,icle500,3,3.456345319747925
icle500,icle500,3,3.2578213214874268
icle500,icle500,3,3.33601450920105
icle500,icle500,3,3.3535494804382324
icle500,icle500,2,2.8245954513549805
icle500,icle500,2,3.491077423095703
icle500,icle500,3,3.5025827884674072
icle500,icle500,2,2.7095179557800293
icle500,icle500,2,3.688913106918335
icle500,icle500,2,2.7147488594055176
icle500,icle500,2,2.9618372917175293
icle500,icle500,3,3.3909683227539062
icle500,icle500,3,2.815870523452759
icle500,icle500,2,3.199277400970459
icle500,icle500,2,3.3347909450531006
icle500,icle500,2,2.823397636413574
icle500,icle500,3,3.33164119720459
icle500,icle500,2,2.9801559448242188
icle500,icle500,2,3.063599109649658
icle500,icle500,2,3.3172035217285156
icle500,icle500,3,3.3778326511383057
icle500,icle500,3,3.4189934730529785
icle500,icle500,2,3.4764535427093506
icle500,icle500,2,3.7298388481140137
icle500,icle500,2,3.049497127532959
merlin-cs,merlin-cs,1,2.213449001312256
merlin-cs,merlin-cs,1,2.730220079421997
merlin-cs,merlin-cs,2,2.3787388801574707
merlin-cs,merlin-cs,2,2.0787289142608643
merlin-cs,merlin-cs,2,2.1232502460479736
merlin-cs,merlin-cs,2,2.0939292907714844
merlin-cs,merlin-cs,2,2.3160476684570312
merlin-cs,merlin-cs,1,2.263057231903076
merlin-cs,merlin-cs,1,2.1129167079925537
merlin-cs,merlin-cs,1,2.15411376953125
merlin-cs,merlin-cs,2,2.0922069549560547
merlin-cs,merlin-cs,1,2.399117946624756
merlin-cs,merlin-cs,1,1.4218268394470215
merlin-cs,merlin-cs,2,2.4733104705810547
merlin-cs,merlin-cs,1,2.078273296356201
merlin-cs,merlin-cs,1,2.1175498962402344
merlin-cs,merlin-cs,1,2.342216968536377
merlin-cs,merlin-cs,1,1.974595546722412
merlin-cs,merlin-cs,2,2.143951177597046
merlin-cs,merlin-cs,1,2.1761553287506104
merlin-cs,merlin-cs,2,2.0493855476379395
merlin-cs,merlin-cs,1,1.6617159843444824
merlin-cs,merlin-cs,1,2.0693912506103516
merlin-cs,merlin-cs,2,2.42226505279541
merlin-cs,merlin-cs,1,2.009511947631836
merlin-cs,merlin-cs,2,2.3137359619140625
merlin-cs,merlin-cs,2,2.1629064083099365
merlin-cs,merlin-cs,2,2.2662546634674072
merlin-cs,merlin-cs,2,2.35768723487854
merlin-cs,merlin-cs,1,1.9952418804168701
merlin-cs,merlin-cs,2,2.192481517791748
merlin-cs,merlin-cs,1,1.9263428449630737
merlin-cs,merlin-cs,2,2.242387294769287
merlin-cs,merlin-cs,2,2.2155978679656982
merlin-cs,merlin-cs,1,1.985783338546753
merlin-cs,merlin-cs,2,2.2145373821258545
merlin-cs,merlin-cs,2,1.9563536643981934
merlin-cs,merlin-cs,1,2.462602138519287
merlin-cs,merlin-cs,1,2.396925210952759
merlin-cs,merlin-cs,2,1.9267175197601318
merlin-cs,merlin-cs,1,2.4065048694610596
merlin-cs,merlin-cs,1,2.1911022663116455
merlin-cs,merlin-cs,2,2.0770459175109863
merlin-cs,merlin-cs,1,2.246246337890625
merlin-cs,merlin-cs,2,1.984405279159546
merlin-cs,merlin-cs,2,1.9310548305511475
merlin-cs,merlin-cs,2,2.1620380878448486
merlin-cs,merlin-cs,2,2.345623016357422
merlin-cs,merlin-cs,1,2.0828959941864014
merlin-cs,merlin-cs,1,2.3294692039489746
merlin-cs,merlin-cs,2,2.4203600883483887
merlin-cs,merlin-cs,1,2.275498628616333
merlin-cs,merlin-cs,2,2.130586862564087
merlin-cs,merlin-cs,2,2.432898998260498
merlin-cs,merlin-cs,1,1.9013134241104126
merlin-cs,merlin-cs,2,2.1761553287506104
merlin-cs,merlin-cs,1,2.1037771701812744
merlin-cs,merlin-cs,1,2.381181240081787
merlin-cs,merlin-cs,1,2.0281243324279785
merlin-cs,merlin-cs,1,1.9638373851776123
merlin-cs,merlin-cs,1,2.1815481185913086
merlin-cs,merlin-cs,2,2.16924786567688
merlin-cs,merlin-cs,1,2.2155978679656982
merlin-cs,merlin-cs,2,2.1179497241973877
merlin-cs,merlin-cs,1,1.9383834600448608
merlin-cs,merlin-cs,2,2.1117427349090576
merlin-cs,merlin-cs,1,2.0268259048461914
merlin-cs,merlin-cs,2,1.92360258102417
merlin-cs,merlin-cs,1,2.259887456893921
merlin-cs,merlin-cs,1,2.2751264572143555
merlin-cs,merlin-cs,1,2.0493929386138916
merlin-cs,merlin-cs,2,2.0665764808654785
merlin-cs,merlin-cs,2,1.9875688552856445
merlin-cs,merlin-cs,1,2.0232014656066895
merlin-cs,merlin-cs,1,2.207348585128784
merlin-cs,merlin-cs,3,2.1505508422851562
merlin-cs,merlin-cs,1,1.7843711376190186
merlin-cs,merlin-cs,2,2.062293529510498
merlin-cs,merlin-cs,1,1.9735567569732666
merlin-cs,merlin-cs,2,2.2858400344848633
merlin-cs,merlin-cs,1,2.083442211151123
merlin-cs,merlin-cs,1,2.0828120708465576
merlin-cs,merlin-cs,1,2.1608123779296875
merlin-cs,merlin-cs,1,2.0468385219573975
merlin-cs,merlin-cs,2,2.090909242630005
merlin-cs,merlin-cs,1,2.625929117202759
merlin-cs,merlin-cs,2,1.914955496788025
merlin-cs,merlin-cs,2,2.0761353969573975
merlin-cs,merlin-cs,1,1.9563536643981934
merlin-cs,merlin-cs,1,2.3746304512023926
merlin-cs,merlin-cs,2,2.207676410675049
merlin-cs,merlin-cs,2,2.1076807975769043
merlin-cs,merlin-cs,2,2.073059320449829
merlin-cs,merlin-cs,1,2.1405117511749268
merlin-cs,merlin-cs,1,2.4399309158325195
merlin-cs,merlin-cs,2,2.4089741706848145
merlin-cs,merlin-cs,2,1.9511531591415405
merlin-cs,merlin-cs,1,1.9661636352539062
merlin-cs,merlin-cs,2,2.089346170425415
merlin-cs,merlin-cs,1,2.2899680137634277
merlin-cs,merlin-cs,1,2.2487192153930664
merlin-cs,merlin-cs,1,2.054929494857788
merlin-cs,merlin-cs,1,2.2623870372772217
merlin-cs,merlin-cs,2,2.0963845252990723
merlin-cs,merlin-cs,1,2.0549840927124023
merlin-cs,merlin-cs,1,2.241914749145508
merlin-cs,merlin-cs,2,2.0013866424560547
merlin-cs,merlin-cs,1,2.2941465377807617
merlin-cs,merlin-cs,2,1.9755994081497192
merlin-cs,merlin-cs,2,2.3045623302459717
merlin-cs,merlin-cs,2,2.033956289291382
merlin-cs,merlin-cs,2,2.140446901321411
merlin-cs,merlin-cs,1,2.0456416606903076
merlin-cs,merlin-cs,1,2.0475645065307617
merlin-cs,merlin-cs,1,2.1797027587890625
merlin-cs,merlin-cs,2,2.171694278717041
merlin-cs,merlin-cs,1,1.9828702211380005
merlin-cs,merlin-cs,1,2.308948040008545
merlin-cs,merlin-cs,1,1.974449634552002
merlin-cs,merlin-cs,2,1.8914194107055664
merlin-cs,merlin-cs,2,1.7582767009735107
merlin-cs,merlin-cs,1,2.1115758419036865
merlin-cs,merlin-cs,2,2.094764232635498
merlin-cs,merlin-cs,1,1.5448036193847656
merlin-cs,merlin-cs,2,2.130586862564087
merlin-cs,merlin-cs,1,1.9465035200119019
merlin-cs,merlin-cs,1,2.1864278316497803
merlin-cs,merlin-cs,1,2.0662550926208496
merlin-cs,merlin-cs,1,1.9307304620742798
merlin-cs,merlin-cs,1,2.26983380317688
merlin-cs,merlin-cs,2,2.0489184856414795
merlin-cs,merlin-cs,1,2.1797027587890625
merlin-cs,merlin-cs,2,1.9781235456466675
merlin-cs,merlin-cs,1,2.2953789234161377
merlin-cs,merlin-cs,1,2.0989177227020264
merlin-cs,merlin-cs,1,2.064649820327759
merlin-cs,merlin-cs,1,2.2283596992492676
merlin-cs,merlin-cs,2,1.97259521484375
merlin-cs,merlin-cs,1,1.9394283294677734
merlin-cs,merlin-cs,1,2.073017120361328
merlin-cs,merlin-cs,1,2.058765172958374
merlin-cs,merlin-cs,1,2.4055449962615967
merlin-cs,merlin-cs,2,2.456913948059082
merlin-cs,merlin-cs,2,2.293173313140869
merlin-cs,merlin-cs,2,2.145488977432251
merlin-cs,merlin-cs,2,2.0666747093200684
merlin-cs,merlin-cs,2,2.228179931640625
merlin-cs,merlin-cs,1,1.3378372192382812
merlin-cs,merlin-cs,1,1.7114641666412354
merlin-cs,merlin-cs,1,1.1492395401000977
merlin-cs,merlin-cs,1,1.9337719678878784
merlin-cs,merlin-cs,1,0.9698279500007629
merlin-cs,merlin-cs,1,1.3796709775924683
merlin-cs,merlin-cs,1,1.823958158493042
merlin-cs,merlin-cs,1,2.056894540786743
merlin-cs,merlin-cs,1,1.323682188987732
merlin-cs,merlin-cs,1,1.8310743570327759
merlin-cs,merlin-cs,1,1.3610175848007202
merlin-cs,merlin-cs,1,1.7758948802947998
merlin-cs,merlin-cs,1,0.9338377714157104
merlin-cs,merlin-cs,1,1.1819159984588623
merlin-cs,merlin-cs,1,1.9446815252304077
merlin-cs,merlin-cs,1,2.42226505279541
merlin-cs,merlin-cs,1,1.3244843482971191
merlin-cs,merlin-cs,1,1.9652588367462158
merlin-cs,merlin-cs,1,1.2093178033828735
merlin-cs,merlin-cs,1,1.5192652940750122
merlin-cs,merlin-cs,3,2.5813021659851074
merlin-cs,merlin-cs,1,0.9975609183311462
merlin-cs,merlin-cs,1,1.7576677799224854
merlin-cs,merlin-cs,2,2.348902702331543
merlin-cs,merlin-cs,2,1.9668618440628052
merlin-cs,merlin-cs,2,2.3242857456207275
merlin-cs,merlin-cs,2,2.4402453899383545
merlin-cs,merlin-cs,1,2.5511860847473145
merlin-cs,merlin-cs,2,2.3353257179260254
merlin-cs,merlin-cs,1,1.7907730340957642
merlin-cs,merlin-cs,1,1.6703675985336304
merlin-cs,merlin-cs,1,2.1937103271484375
merlin-cs,merlin-cs,2,2.326326608657837
merlin-cs,merlin-cs,2,2.3152458667755127
merlin-cs,merlin-cs,2,2.0794050693511963
merlin-cs,merlin-cs,3,2.1308467388153076
merlin-cs,merlin-cs,3,2.037142038345337
merlin-cs,merlin-cs,3,2.0686724185943604
merlin-cs,merlin-cs,1,1.1208689212799072
merlin-cs,merlin-cs,1,1.598028540611267
merlin-cs,merlin-cs,2,1.3306512832641602
merlin-cs,merlin-cs,2,2.1770105361938477
merlin-cs,merlin-cs,1,1.4688708782196045
merlin-cs,merlin-cs,1,2.188805341720581
merlin-cs,merlin-cs,1,1.1560612916946411
merlin-cs,merlin-cs,1,2.0191707611083984
merlin-cs,merlin-cs,1,1.1560720205307007
merlin-cs,merlin-cs,1,2.0148584842681885
merlin-cs,merlin-cs,3,2.0848379135131836
merlin-cs,merlin-cs,2,1.7960004806518555
merlin-cs,merlin-cs,2,1.3301887512207031
merlin-cs,merlin-cs,1,2.063215970993042
merlin-cs,merlin-cs,3,2.7906875610351562
merlin-cs,merlin-cs,3,2.276157855987549
merlin-cs,merlin-cs,2,2.349734306335449
merlin-cs,merlin-cs,1,1.5196696519851685
merlin-cs,merlin-cs,1,1.6509259939193726
merlin-cs,merlin-cs,1,1.4795161485671997
merlin-cs,merlin-cs,1,2.00077748298645
merlin-cs,merlin-cs,2,1.9253661632537842
merlin-cs,merlin-cs,2,1.7128621339797974
merlin-cs,merlin-cs,1,0.9503800868988037
merlin-cs,merlin-cs,1,1.910398006439209
merlin-cs,merlin-cs,2,1.968808650970459
merlin-cs,merlin-cs,2,1.953976035118103
merlin-cs,merlin-cs,1,2.000610113143921
merlin-cs,merlin-cs,1,2.1779496669769287
merlin-cs,merlin-cs,1,1.9378595352172852
merlin-cs,merlin-cs,1,1.5152840614318848
merlin-cs,merlin-cs,1,1.3624026775360107
merlin-cs,merlin-cs,2,2.009040355682373
merlin-cs,merlin-cs,4,2.6826257705688477
merlin-cs,merlin-cs,3,3.05918550491333
merlin-cs,merlin-cs,2,2.281433582305908
merlin-cs,merlin-cs,3,2.9795665740966797
merlin-cs,merlin-cs,2,2.5864851474761963
merlin-cs,merlin-cs,3,3.1142313480377197
merlin-cs,merlin-cs,2,2.4571878910064697
merlin-cs,merlin-cs,1,1.6781972646713257
merlin-cs,merlin-cs,1,1.3275045156478882
merlin-cs,merlin-cs,1,2.408877372741699
merlin-cs,merlin-cs,1,1.51845121383667
merlin-cs,merlin-cs,1,1.2591278553009033
merlin-cs,merlin-cs,1,1.7244489192962646
merlin-cs,merlin-cs,1,1.3487110137939453
merlin-cs,merlin-cs,1,1.9093486070632935
merlin-cs,merlin-cs,1,1.1291413307189941
merlin-cs,merlin-cs,1,2.1197657585144043
merlin-cs,merlin-cs,1,0.8796597719192505
merlin-cs,merlin-cs,1,1.9294018745422363
merlin-cs,merlin-cs,1,1.216699481010437
merlin-cs,merlin-cs,1,1.8586348295211792
merlin-cs,merlin-cs,2,2.3638203144073486
merlin-cs,merlin-cs,2,0.9731053113937378
merlin-cs,merlin-cs,2,1.9254406690597534
merlin-cs,merlin-cs,3,3.0011255741119385
merlin-cs,merlin-cs,3,2.81917142868042
merlin-cs,merlin-cs,2,1.7604070901870728
merlin-cs,merlin-cs,2,2.580432653427124
merlin-cs,merlin-cs,1,1.4791686534881592
merlin-cs,merlin-cs,3,2.1460201740264893
merlin-cs,merlin-cs,3,1.854581356048584
merlin-cs,merlin-cs,2,2.128809928894043
merlin-cs,merlin-cs,3,2.1312036514282227
merlin-cs,merlin-cs,2,1.9759578704833984
merlin-cs,merlin-cs,3,2.6447815895080566
merlin-cs,merlin-cs,2,2.769611358642578
merlin-cs,merlin-cs,2,2.1072511672973633
merlin-cs,merlin-cs,3,3.2011706829071045
merlin-cs,merlin-cs,2,1.2276604175567627
merlin-cs,merlin-cs,2,2.0816774368286133
merlin-cs,merlin-cs,3,3.0408785343170166
merlin-cs,merlin-cs,3,2.4402077198028564
merlin-cs,merlin-cs,3,2.4594860076904297
merlin-cs,merlin-cs,3,3.3217971324920654
merlin-cs,merlin-cs,3,2.9626729488372803
merlin-cs,merlin-cs,4,2.3714656829833984
merlin-cs,merlin-cs,3,2.345897674560547
merlin-cs,merlin-cs,3,2.2736542224884033
merlin-cs,merlin-cs,2,3.2044801712036133
merlin-cs,merlin-cs,3,2.2513489723205566
merlin-cs,merlin-cs,2,1.8345084190368652
merlin-cs,merlin-cs,1,1.3548566102981567
merlin-cs,merlin-cs,1,1.8466473817825317
merlin-cs,merlin-cs,1,1.5515997409820557
merlin-cs,merlin-cs,3,2.9405157566070557
merlin-cs,merlin-cs,2,2.3116025924682617
merlin-cs,merlin-cs,3,2.9366095066070557
merlin-cs,merlin-cs,2,3.0074076652526855
merlin-cs,merlin-cs,3,2.492457628250122
merlin-cs,merlin-cs,2,2.3608646392822266
merlin-cs,merlin-cs,3,2.7451562881469727
merlin-cs,merlin-cs,2,2.246872663497925
merlin-cs,merlin-cs,3,2.1197164058685303
merlin-cs,merlin-cs,3,2.571164846420288
merlin-cs,merlin-cs,2,2.736593723297119
merlin-cs,merlin-cs,3,2.6761715412139893
merlin-cs,merlin-cs,3,2.8245205879211426
merlin-cs,merlin-cs,2,2.316638231277466
merlin-cs,merlin-cs,2,2.910026788711548
merlin-cs,merlin-cs,1,2.263627290725708
merlin-cs,merlin-cs,2,2.7960965633392334
merlin-cs,merlin-cs,2,2.678317070007324
merlin-cs,merlin-cs,3,2.390911102294922
merlin-cs,merlin-cs,3,2.6070947647094727
merlin-cs,merlin-cs,2,2.3116025924682617
merlin-cs,merlin-cs,3,2.5218520164489746
merlin-cs,merlin-cs,2,2.4434726238250732
merlin-cs,merlin-cs,2,2.6742777824401855
merlin-cs,merlin-cs,3,2.4102582931518555
merlin-cs,merlin-cs,3,2.7315919399261475
merlin-cs,merlin-cs,2,1.3057664632797241
merlin-cs,merlin-cs,2,1.962575912475586
merlin-cs,merlin-cs,1,1.614829421043396
merlin-cs,merlin-cs,1,1.776774287223816
merlin-cs,merlin-cs,1,1.2730165719985962
merlin-cs,merlin-cs,1,1.4898101091384888
merlin-cs,merlin-cs,1,1.6395397186279297
merlin-cs,merlin-cs,1,2.2772912979125977
merlin-cs,merlin-cs,1,0.7597449421882629
merlin-cs,merlin-cs,1,1.3885363340377808
merlin-cs,merlin-cs,1,1.3244843482971191
merlin-cs,merlin-cs,1,2.088595151901245
merlin-cs,merlin-cs,3,2.1312036514282227
merlin-cs,merlin-cs,2,2.140073776245117
merlin-cs,merlin-cs,3,1.7703258991241455
merlin-cs,merlin-cs,2,1.6220645904541016
merlin-cs,merlin-cs,2,2.0024526119232178
merlin-cs,merlin-cs,3,2.009284496307373
merlin-cs,merlin-cs,3,2.0911672115325928
merlin-cs,merlin-cs,3,2.2283596992492676
merlin-cs,merlin-cs,3,2.2907958030700684
merlin-cs,merlin-cs,2,2.039396047592163
merlin-cs,merlin-cs,3,2.1308467388153076
merlin-cs,merlin-cs,2,2.1006994247436523
merlin-cs,merlin-cs,2,2.1257550716400146
merlin-cs,merlin-cs,2,2.453920602798462
merlin-cs,merlin-cs,2,2.4926681518554688
merlin-cs,merlin-cs,2,3.1608328819274902
merlin-cs,merlin-cs,2,2.183440685272217
merlin-cs,merlin-cs,2,2.0581328868865967
merlin-cs,merlin-cs,1,1.086998462677002
merlin-cs,merlin-cs,1,1.3861408233642578
merlin-cs,merlin-cs,1,1.6914219856262207
merlin-cs,merlin-cs,1,2.1395835876464844
merlin-cs,merlin-cs,1,1.0528061389923096
merlin-cs,merlin-cs,1,1.598028540611267
merlin-cs,merlin-cs,2,2.0575456619262695
merlin-cs,merlin-cs,3,2.257894992828369
merlin-cs,merlin-cs,3,3.1441421508789062
merlin-cs,merlin-cs,3,2.173807382583618
merlin-cs,merlin-cs,1,1.5711853504180908
merlin-cs,merlin-cs,1,2.0227198600769043
merlin-cs,merlin-cs,3,2.353536605834961
merlin-cs,merlin-cs,3,2.5243160724639893
merlin-cs,merlin-cs,3,2.4674181938171387
merlin-cs,merlin-cs,2,1.8168342113494873
merlin-cs,merlin-cs,2,1.7428638935089111
merlin-cs,merlin-cs,3,2.270566463470459
merlin-cs,merlin-cs,3,2.216080665588379
merlin-cs,merlin-cs,3,2.16817307472229
merlin-cs,merlin-cs,3,2.717583656311035
merlin-cs,merlin-cs,3,2.330822706222534
merlin-cs,merlin-cs,3,2.81917142868042
merlin-cs,merlin-cs,3,2.6003952026367188
merlin-cs,merlin-cs,3,2.2535908222198486
merlin-cs,merlin-cs,3,2.65047287940979
merlin-cs,merlin-cs,3,2.433981418609619
merlin-cs,merlin-cs,2,2.964207887649536
merlin-cs,merlin-cs,2,2.849100351333618
merlin-cs,merlin-cs,3,2.3152458667755127
merlin-cs,merlin-cs,2,2.187481164932251
merlin-cs,merlin-cs,2,2.6003952026367188
merlin-cs,merlin-cs,2,2.636112689971924
merlin-cs,merlin-cs,2,1.8283909559249878
merlin-cs,merlin-cs,2,2.0521788597106934
merlin-cs,merlin-cs,3,2.385617971420288
merlin-cs,merlin-cs,2,2.187481164932251
merlin-cs,merlin-cs,2,1.7944519519805908
merlin-cs,merlin-cs,2,2.1101527214050293
merlin-cs,merlin-cs,3,1.6167727708816528
merlin-cs,merlin-cs,2,2.2916502952575684
merlin-cs,merlin-cs,3,2.561161756515503
merlin-cs,merlin-cs,3,2.3424789905548096
merlin-cs,merlin-cs,2,1.8072339296340942
merlin-cs,merlin-cs,2,2.0403127670288086
merlin-cs,merlin-cs,3,2.2420222759246826
merlin-cs,merlin-cs,4,2.4759037494659424
merlin-cs,merlin-cs,3,2.228961706161499
merlin-cs,merlin-cs,2,2.063215970993042
merlin-cs,merlin-cs,1,2.126227617263794
merlin-cs,merlin-cs,3,2.3567543029785156
merlin-cs,merlin-cs,2,2.2139909267425537
merlin-cs,merlin-cs,3,2.228961706161499
merlin-cs,merlin-cs,2,2.3396856784820557
merlin-cs,merlin-cs,2,3.2829930782318115
merlin-cs,merlin-cs,2,2.5340633392333984
merlin-cs,merlin-cs,1,1.576797604560852
merlin-cs,merlin-cs,0,1.1148741245269775
merlin-cs,merlin-cs,1,2.0110514163970947
merlin-cs,merlin-cs,3,2.5517075061798096
merlin-cs,merlin-cs,1,1.356969952583313
merlin-cs,merlin-cs,3,2.460373878479004
merlin-cs,merlin-cs,3,2.5098354816436768
merlin-cs,merlin-cs,2,2.5531413555145264
merlin-cs,merlin-cs,1,0.9385099411010742
merlin-cs,merlin-cs,1,2.024716377258301
merlin-cs,merlin-cs,2,2.0224761962890625
merlin-cs,merlin-cs,2,2.0051429271698
merlin-cs,merlin-cs,1,1.852455973625183
merlin-cs,merlin-cs,1,1.480680227279663
merlin-cs,merlin-cs,1,0.9997739791870117
merlin-cs,merlin-cs,2,1.8404048681259155
merlin-cs,merlin-cs,2,1.5747618675231934
merlin-cs,merlin-cs,3,2.471735954284668
merlin-cs,merlin-cs,2,2.191908836364746
merlin-cs,merlin-cs,2,0.7591888904571533
merlin-cs,merlin-cs,4,2.9114387035369873
merlin-cs,merlin-cs,2,2.2403547763824463
merlin-cs,merlin-cs,2,2.3445794582366943
merlin-cs,merlin-cs,3,2.979010820388794
merlin-cs,merlin-cs,1,1.6261610984802246
merlin-cs,merlin-cs,1,1.7140108346939087
merlin-cs,merlin-cs,1,0.8895183801651001
merlin-cs,merlin-cs,1,1.4380429983139038
merlin-cs,merlin-cs,1,1.4126390218734741
merlin-cs,merlin-cs,1,1.920588731765747
merlin-cs,merlin-cs,1,1.210086464881897
merlin-cs,merlin-cs,1,1.637818455696106
merlin-cs,merlin-cs,1,1.116341471672058
merlin-cs,merlin-cs,1,2.02308988571167
merlin-cs,merlin-cs,1,1.351457118988037
merlin-cs,merlin-cs,1,1.7790104150772095
merlin-cs,merlin-cs,1,1.2360758781433105
merlin-cs,merlin-cs,1,1.6075009107589722
merlin-cs,merlin-cs,1,1.3536291122436523
merlin-cs,merlin-cs,2,2.4211862087249756
merlin-cs,merlin-cs,2,2.570380210876465
merlin-cs,merlin-cs,2,2.4685850143432617
merlin-cs,merlin-cs,2,2.191210985183716
merlin-cs,merlin-cs,3,3.1703250408172607
merlin-cs,merlin-cs,2,2.683082342147827
merlin-cs,merlin-cs,2,3.122126340866089
merlin-cs,merlin-cs,3,2.680455207824707
merlin-cs,merlin-cs,2,2.1419222354888916
merlin-cs,merlin-cs,3,2.0021209716796875
merlin-cs,merlin-cs,2,1.9668618440628052
merlin-cs,merlin-cs,2,2.4102582931518555
merlin-cs,merlin-cs,2,2.5335941314697266
merlin-cs,merlin-cs,3,3.0600900650024414
merlin-cs,merlin-cs,3,2.324779748916626
merlin-cs,merlin-cs,2,2.4982688426971436
merlin-it,merlin-it,2,2.660393476486206
merlin-it,merlin-it,2,2.6444578170776367
merlin-it,merlin-it,2,2.990450859069824
merlin-it,merlin-it,2,3.0922927856445312
merlin-it,merlin-it,2,3.1781718730926514
merlin-it,merlin-it,2,2.7171952724456787
merlin-it,merlin-it,2,2.5292701721191406
merlin-it,merlin-it,2,2.4822423458099365
merlin-it,merlin-it,2,2.9459283351898193
merlin-it,merlin-it,2,2.8582723140716553
merlin-it,merlin-it,2,2.834376096725464
merlin-it,merlin-it,2,2.8192291259765625
merlin-it,merlin-it,2,1.6105979681015015
merlin-it,merlin-it,2,3.064497709274292
merlin-it,merlin-it,2,2.760754108428955
merlin-it,merlin-it,2,2.7354118824005127
merlin-it,merlin-it,2,2.8679451942443848
merlin-it,merlin-it,2,2.7438435554504395
merlin-it,merlin-it,2,2.7839412689208984
merlin-it,merlin-it,2,2.6316916942596436
merlin-it,merlin-it,2,2.972203493118286
merlin-it,merlin-it,2,3.485917568206787
merlin-it,merlin-it,2,2.3620667457580566
merlin-it,merlin-it,2,3.2575511932373047
merlin-it,merlin-it,2,3.149761915206909
merlin-it,merlin-it,2,1.9983962774276733
merlin-it,merlin-it,2,3.0358619689941406
merlin-it,merlin-it,2,2.6310970783233643
merlin-it,merlin-it,2,2.4158835411071777
merlin-it,merlin-it,2,2.4257516860961914
merlin-it,merlin-it,2,2.678227424621582
merlin-it,merlin-it,2,2.7485525608062744
merlin-it,merlin-it,2,2.3380324840545654
merlin-it,merlin-it,2,2.9128212928771973
merlin-it,merlin-it,2,2.0916380882263184
merlin-it,merlin-it,2,2.7459425926208496
merlin-it,merlin-it,2,2.8274283409118652
merlin-it,merlin-it,2,2.8446950912475586
merlin-it,merlin-it,2,2.844008684158325
merlin-it,merlin-it,1,1.8263306617736816
merlin-it,merlin-it,2,2.148970603942871
merlin-it,merlin-it,2,3.0314221382141113
merlin-it,merlin-it,2,2.835261821746826
merlin-it,merlin-it,2,2.2277586460113525
merlin-it,merlin-it,2,2.6691603660583496
merlin-it,merlin-it,2,2.7767655849456787
merlin-it,merlin-it,2,3.1814846992492676
merlin-it,merlin-it,2,2.3303463459014893
merlin-it,merlin-it,1,3.290773630142212
merlin-it,merlin-it,2,3.398878335952759
merlin-it,merlin-it,2,2.7894225120544434
merlin-it,merlin-it,2,3.4848039150238037
merlin-it,merlin-it,2,3.078186273574829
merlin-it,merlin-it,2,2.937535285949707
merlin-it,merlin-it,2,3.3866922855377197
merlin-it,merlin-it,2,2.915264368057251
merlin-it,merlin-it,2,2.7599141597747803
merlin-it,merlin-it,2,2.779848575592041
merlin-it,merlin-it,2,3.1010587215423584
merlin-it,merlin-it,2,2.8463315963745117
merlin-it,merlin-it,2,2.7101216316223145
merlin-it,merlin-it,2,2.5528385639190674
merlin-it,merlin-it,2,2.8841376304626465
merlin-it,merlin-it,2,2.8467812538146973
merlin-it,merlin-it,2,2.887986183166504
merlin-it,merlin-it,2,2.905596971511841
merlin-it,merlin-it,2,3.5032482147216797
merlin-it,merlin-it,2,2.4088802337646484
merlin-it,merlin-it,2,2.9394803047180176
merlin-it,merlin-it,2,3.0186519622802734
merlin-it,merlin-it,1,2.19657564163208
merlin-it,merlin-it,2,2.664541006088257
merlin-it,merlin-it,2,2.9836223125457764
merlin-it,merlin-it,2,3.109835624694824
merlin-it,merlin-it,2,3.554539203643799
merlin-it,merlin-it,2,2.726416826248169
merlin-it,merlin-it,2,3.7288386821746826
merlin-it,merlin-it,2,2.7848925590515137
merlin-it,merlin-it,2,3.4089748859405518
merlin-it,merlin-it,2,3.3263638019561768
merlin-it,merlin-it,2,3.17985200881958
merlin-it,merlin-it,2,2.986994981765747
merlin-it,merlin-it,2,3.1911492347717285
merlin-it,merlin-it,2,2.7783679962158203
merlin-it,merlin-it,2,2.6519203186035156
merlin-it,merlin-it,2,3.0551364421844482
merlin-it,merlin-it,2,2.3455820083618164
merlin-it,merlin-it,2,2.32118821144104
merlin-it,merlin-it,2,2.786637544631958
merlin-it,merlin-it,2,2.0907652378082275
merlin-it,merlin-it,2,2.7369353771209717
merlin-it,merlin-it,1,2.7466073036193848
merlin-it,merlin-it,2,2.062603712081909
merlin-it,merlin-it,2,2.8840057849884033
merlin-it,merlin-it,2,2.9545953273773193
merlin-it,merlin-it,2,3.3793041706085205
merlin-it,merlin-it,2,3.128830909729004
merlin-it,merlin-it,2,3.1305668354034424
merlin-it,merlin-it,2,2.7634315490722656
merlin-it,merlin-it,1,3.0782828330993652
merlin-it,merlin-it,2,3.1157383918762207
merlin-it,merlin-it,2,2.9538726806640625
merlin-it,merlin-it,1,2.4551703929901123
merlin-it,merlin-it,2,2.6691036224365234
merlin-it,merlin-it,2,3.0146918296813965
merlin-it,merlin-it,2,2.5000717639923096
merlin-it,merlin-it,2,2.6370317935943604
merlin-it,merlin-it,2,2.536964178085327
merlin-it,merlin-it,2,3.6901462078094482
merlin-it,merlin-it,2,3.4084279537200928
merlin-it,merlin-it,2,2.8164455890655518
merlin-it,merlin-it,2,3.140993118286133
merlin-it,merlin-it,2,3.183259963989258
merlin-it,merlin-it,2,3.278059959411621
merlin-it,merlin-it,2,3.1683619022369385
merlin-it,merlin-it,2,3.5690393447875977
merlin-it,merlin-it,2,2.4131033420562744
merlin-it,merlin-it,2,2.987947702407837
merlin-it,merlin-it,2,2.9766616821289062
merlin-it,merlin-it,2,2.703134536743164
merlin-it,merlin-it,2,3.0802252292633057
merlin-it,merlin-it,2,2.552919387817383
merlin-it,merlin-it,2,2.672604560852051
merlin-it,merlin-it,2,2.2283313274383545
merlin-it,merlin-it,2,2.7519612312316895
merlin-it,merlin-it,2,2.3829352855682373
merlin-it,merlin-it,2,2.2769572734832764
merlin-it,merlin-it,2,2.521681070327759
merlin-it,merlin-it,2,2.7232449054718018
merlin-it,merlin-it,2,2.5656991004943848
merlin-it,merlin-it,2,3.064552068710327
merlin-it,merlin-it,2,2.841061592102051
merlin-it,merlin-it,2,2.344971179962158
merlin-it,merlin-it,2,3.0284945964813232
merlin-it,merlin-it,2,2.418159008026123
merlin-it,merlin-it,2,2.4826388359069824
merlin-it,merlin-it,2,2.7555246353149414
merlin-it,merlin-it,3,3.0728213787078857
merlin-it,merlin-it,2,3.454397439956665
merlin-it,merlin-it,2,2.600062608718872
merlin-it,merlin-it,2,3.2398383617401123
merlin-it,merlin-it,2,2.4529738426208496
merlin-it,merlin-it,2,3.268984317779541
merlin-it,merlin-it,2,3.2182626724243164
merlin-it,merlin-it,2,3.236388921737671
merlin-it,merlin-it,2,3.1044561862945557
merlin-it,merlin-it,2,3.137179136276245
merlin-it,merlin-it,2,2.9986915588378906
merlin-it,merlin-it,2,2.9976797103881836
merlin-it,merlin-it,2,3.523668050765991
merlin-it,merlin-it,2,3.003828763961792
merlin-it,merlin-it,2,3.0896496772766113
merlin-it,merlin-it,1,3.429504871368408
merlin-it,merlin-it,2,3.5061655044555664
merlin-it,merlin-it,2,1.9195302724838257
merlin-it,merlin-it,2,2.853909969329834
merlin-it,merlin-it,2,2.925784111022949
merlin-it,merlin-it,2,3.69496488571167
merlin-it,merlin-it,2,2.7503135204315186
merlin-it,merlin-it,2,3.2670950889587402
merlin-it,merlin-it,2,3.261559009552002
merlin-it,merlin-it,2,3.428828239440918
merlin-it,merlin-it,2,3.3343026638031006
merlin-it,merlin-it,2,2.526463031768799
merlin-it,merlin-it,2,2.637702226638794
merlin-it,merlin-it,2,2.8553268909454346
merlin-it,merlin-it,2,2.4996516704559326
merlin-it,merlin-it,2,2.217766284942627
merlin-it,merlin-it,1,2.2144765853881836
merlin-it,merlin-it,2,2.8822343349456787
merlin-it,merlin-it,2,3.737769842147827
merlin-it,merlin-it,2,2.9816250801086426
merlin-it,merlin-it,2,2.98675537109375
merlin-it,merlin-it,2,1.9764149188995361
merlin-it,merlin-it,2,2.794351100921631
merlin-it,merlin-it,2,2.9567453861236572
merlin-it,merlin-it,2,2.3869869709014893
merlin-it,merlin-it,2,3.4795315265655518
merlin-it,merlin-it,2,2.656569004058838
merlin-it,merlin-it,2,2.8442318439483643
merlin-it,merlin-it,2,3.3997061252593994
merlin-it,merlin-it,2,2.598085641860962
merlin-it,merlin-it,2,3.076582193374634
merlin-it,merlin-it,2,3.305981397628784
merlin-it,merlin-it,2,2.942770481109619
merlin-it,merlin-it,2,3.061753273010254
merlin-it,merlin-it,2,2.9192068576812744
merlin-it,merlin-it,2,3.390415668487549
merlin-it,merlin-it,1,2.490262985229492
merlin-it,merlin-it,3,3.7949297428131104
merlin-it,merlin-it,2,3.2467098236083984
merlin-it,merlin-it,2,2.717323064804077
merlin-it,merlin-it,2,2.7832789421081543
merlin-it,merlin-it,2,2.988638401031494
merlin-it,merlin-it,2,2.7914998531341553
merlin-it,merlin-it,2,3.1881134510040283
merlin-it,merlin-it,2,3.201664686203003
merlin-it,merlin-it,2,2.911841630935669
merlin-it,merlin-it,2,3.057190179824829
merlin-it,merlin-it,2,3.1352732181549072
merlin-it,merlin-it,2,2.304063081741333
merlin-it,merlin-it,1,1.7874974012374878
merlin-it,merlin-it,1,1.9563502073287964
merlin-it,merlin-it,1,1.9232877492904663
merlin-it,merlin-it,2,2.2011284828186035
merlin-it,merlin-it,1,1.6309142112731934
merlin-it,merlin-it,1,1.737545371055603
merlin-it,merlin-it,1,1.5687114000320435
merlin-it,merlin-it,1,1.2723463773727417
merlin-it,merlin-it,2,2.2066943645477295
merlin-it,merlin-it,2,1.665435791015625
merlin-it,merlin-it,2,2.1196517944335938
merlin-it,merlin-it,2,1.5771470069885254
merlin-it,merlin-it,1,2.1565792560577393
merlin-it,merlin-it,2,2.1352040767669678
merlin-it,merlin-it,2,2.5539190769195557
merlin-it,merlin-it,1,1.8501594066619873
merlin-it,merlin-it,1,1.7383034229278564
merlin-it,merlin-it,2,2.446045160293579
merlin-it,merlin-it,2,2.216312885284424
merlin-it,merlin-it,2,1.9395194053649902
merlin-it,merlin-it,1,1.9106074571609497
merlin-it,merlin-it,1,1.8963679075241089
merlin-it,merlin-it,1,1.258040189743042
merlin-it,merlin-it,2,2.0923945903778076
merlin-it,merlin-it,2,1.7102084159851074
merlin-it,merlin-it,1,1.5777496099472046
merlin-it,merlin-it,1,1.8351835012435913
merlin-it,merlin-it,2,1.7785512208938599
merlin-it,merlin-it,1,1.0558730363845825
merlin-it,merlin-it,2,2.135183572769165
merlin-it,merlin-it,2,2.7537853717803955
merlin-it,merlin-it,2,1.9528337717056274
merlin-it,merlin-it,2,2.038384437561035
merlin-it,merlin-it,2,2.478037118911743
merlin-it,merlin-it,2,2.210231065750122
merlin-it,merlin-it,1,1.7279618978500366
merlin-it,merlin-it,1,1.5492823123931885
merlin-it,merlin-it,1,2.3946175575256348
merlin-it,merlin-it,2,1.9613837003707886
merlin-it,merlin-it,2,2.0093443393707275
merlin-it,merlin-it,2,2.0494725704193115
merlin-it,merlin-it,2,1.9676058292388916
merlin-it,merlin-it,2,1.9539768695831299
merlin-it,merlin-it,1,2.450779676437378
merlin-it,merlin-it,2,1.886041522026062
merlin-it,merlin-it,2,1.9752426147460938
merlin-it,merlin-it,2,2.409719228744507
merlin-it,merlin-it,2,1.607331395149231
merlin-it,merlin-it,2,2.0508100986480713
merlin-it,merlin-it,2,1.7802462577819824
merlin-it,merlin-it,2,1.94273042678833
merlin-it,merlin-it,2,2.219634532928467
merlin-it,merlin-it,1,1.7233481407165527
merlin-it,merlin-it,1,1.9236595630645752
merlin-it,merlin-it,2,2.2893567085266113
merlin-it,merlin-it,2,2.184215784072876
merlin-it,merlin-it,2,2.1856956481933594
merlin-it,merlin-it,2,2.5381088256835938
merlin-it,merlin-it,1,2.6669366359710693
merlin-it,merlin-it,2,2.2142224311828613
merlin-it,merlin-it,1,2.6120781898498535
merlin-it,merlin-it,2,2.7768797874450684
merlin-it,merlin-it,2,2.3041067123413086
merlin-it,merlin-it,2,2.0209603309631348
merlin-it,merlin-it,2,2.3815560340881348
merlin-it,merlin-it,2,2.515193462371826
merlin-it,merlin-it,2,2.542495012283325
merlin-it,merlin-it,2,2.396624803543091
merlin-it,merlin-it,2,2.0006637573242188
merlin-it,merlin-it,2,2.0025837421417236
merlin-it,merlin-it,2,2.335127115249634
merlin-it,merlin-it,2,2.0527541637420654
merlin-it,merlin-it,2,2.015688896179199
merlin-it,merlin-it,2,1.9029191732406616
merlin-it,merlin-it,2,2.036008358001709
merlin-it,merlin-it,2,1.3394701480865479
merlin-it,merlin-it,2,2.249711513519287
merlin-it,merlin-it,2,2.30658221244812
merlin-it,merlin-it,2,1.772177815437317
merlin-it,merlin-it,2,2.140233278274536
merlin-it,merlin-it,2,2.085026502609253
merlin-it,merlin-it,1,0.9252864718437195
merlin-it,merlin-it,2,1.8617087602615356
merlin-it,merlin-it,2,2.6975769996643066
merlin-it,merlin-it,2,2.401923894882202
merlin-it,merlin-it,2,1.7653042078018188
merlin-it,merlin-it,1,2.017876386642456
merlin-it,merlin-it,1,1.9880330562591553
merlin-it,merlin-it,2,2.2901217937469482
merlin-it,merlin-it,2,1.9208532571792603
merlin-it,merlin-it,1,2.589979410171509
merlin-it,merlin-it,1,1.8970047235488892
merlin-it,merlin-it,2,2.1198134422302246
merlin-it,merlin-it,2,1.8622887134552002
merlin-it,merlin-it,1,1.9534318447113037
merlin-it,merlin-it,2,2.3581864833831787
merlin-it,merlin-it,2,2.296086072921753
merlin-it,merlin-it,2,2.266312599182129
merlin-it,merlin-it,2,1.854323387145996
merlin-it,merlin-it,2,2.0350184440612793
merlin-it,merlin-it,1,1.9256994724273682
merlin-it,merlin-it,1,1.7844951152801514
merlin-it,merlin-it,2,2.76355242729187
merlin-it,merlin-it,2,1.9519261121749878
merlin-it,merlin-it,2,1.954198956489563
merlin-it,merlin-it,1,1.8059648275375366
merlin-it,merlin-it,2,2.2243123054504395
merlin-it,merlin-it,2,1.9890936613082886
merlin-it,merlin-it,2,2.0324275493621826
merlin-it,merlin-it,2,2.1802494525909424
merlin-it,merlin-it,1,2.062603712081909
merlin-it,merlin-it,2,2.811328411102295
merlin-it,merlin-it,2,2.2479069232940674
merlin-it,merlin-it,1,1.8050117492675781
merlin-it,merlin-it,1,1.9853882789611816
merlin-it,merlin-it,1,2.0359601974487305
merlin-it,merlin-it,2,2.7264857292175293
merlin-it,merlin-it,2,2.432492733001709
merlin-it,merlin-it,2,2.155625581741333
merlin-it,merlin-it,1,2.173450469970703
merlin-it,merlin-it,2,1.8366429805755615
merlin-it,merlin-it,2,1.9718109369277954
merlin-it,merlin-it,2,1.3077906370162964
merlin-it,merlin-it,2,2.4826388359069824
merlin-it,merlin-it,2,2.412062883377075
merlin-it,merlin-it,2,1.5786983966827393
merlin-it,merlin-it,2,1.9531453847885132
merlin-it,merlin-it,2,2.877824544906616
merlin-it,merlin-it,2,1.9969569444656372
merlin-it,merlin-it,2,2.807790517807007
merlin-it,merlin-it,2,1.9340897798538208
merlin-it,merlin-it,2,1.8982149362564087
merlin-it,merlin-it,2,2.772512674331665
merlin-it,merlin-it,2,1.941672921180725
merlin-it,merlin-it,2,2.623150110244751
merlin-it,merlin-it,2,1.7814046144485474
merlin-it,merlin-it,2,1.834043264389038
merlin-it,merlin-it,2,2.453348398208618
merlin-it,merlin-it,1,1.8590260744094849
merlin-it,merlin-it,2,2.134312629699707
merlin-it,merlin-it,2,2.443575859069824
merlin-it,merlin-it,2,1.6607558727264404
merlin-it,merlin-it,2,2.058367967605591
merlin-it,merlin-it,2,2.6405234336853027
merlin-it,merlin-it,2,2.3207736015319824
merlin-it,merlin-it,2,2.0298233032226562
merlin-it,merlin-it,1,2.0298843383789062
merlin-it,merlin-it,1,2.0372519493103027
merlin-it,merlin-it,2,1.8440605401992798
merlin-it,merlin-it,2,1.8140082359313965
merlin-it,merlin-it,2,2.0573112964630127
merlin-it,merlin-it,2,2.196758270263672
merlin-it,merlin-it,2,2.401301383972168
merlin-it,merlin-it,2,1.8313106298446655
merlin-it,merlin-it,2,2.5875284671783447
merlin-it,merlin-it,2,1.8823505640029907
merlin-it,merlin-it,2,2.4324474334716797
merlin-it,merlin-it,2,2.90791916847229
merlin-it,merlin-it,2,2.362942934036255
merlin-it,merlin-it,1,2.0313615798950195
merlin-it,merlin-it,2,1.677483320236206
merlin-it,merlin-it,2,2.1347105503082275
merlin-it,merlin-it,2,2.7906315326690674
merlin-it,merlin-it,2,1.9889121055603027
merlin-it,merlin-it,2,2.4270222187042236
merlin-it,merlin-it,2,2.4154255390167236
merlin-it,merlin-it,2,1.600529432296753
merlin-it,merlin-it,2,1.9477901458740234
merlin-it,merlin-it,1,1.8484671115875244
merlin-it,merlin-it,2,2.0680344104766846
merlin-it,merlin-it,2,2.0736212730407715
merlin-it,merlin-it,2,2.071181058883667
merlin-it,merlin-it,1,1.9037861824035645
merlin-it,merlin-it,2,1.981843113899231
merlin-it,merlin-it,2,1.861073613166809
merlin-it,merlin-it,2,2.412762403488159
merlin-it,merlin-it,2,2.284937620162964
merlin-it,merlin-it,2,2.171393871307373
merlin-it,merlin-it,2,1.5497595071792603
merlin-it,merlin-it,1,2.025338888168335
merlin-it,merlin-it,2,1.880425214767456
merlin-it,merlin-it,2,2.114570140838623
merlin-it,merlin-it,2,2.0366055965423584
merlin-it,merlin-it,2,1.8682299852371216
merlin-it,merlin-it,2,1.937644124031067
merlin-it,merlin-it,2,2.0274410247802734
merlin-it,merlin-it,2,2.41294527053833
merlin-it,merlin-it,2,2.134235143661499
merlin-it,merlin-it,2,2.133843183517456
merlin-it,merlin-it,1,2.915374755859375
merlin-it,merlin-it,2,2.152924060821533
merlin-it,merlin-it,2,2.092210292816162
merlin-it,merlin-it,2,1.769582986831665
merlin-it,merlin-it,2,2.288747549057007
merlin-it,merlin-it,2,1.7181390523910522
merlin-it,merlin-it,1,2.3559608459472656
merlin-it,merlin-it,2,2.306786060333252
merlin-it,merlin-it,2,2.371804714202881
merlin-it,merlin-it,2,2.1905035972595215
merlin-it,merlin-it,2,2.3983068466186523
merlin-it,merlin-it,2,2.1077349185943604
merlin-it,merlin-it,0,1.7570574283599854
merlin-it,merlin-it,1,1.163801670074463
merlin-it,merlin-it,0,2.2400991916656494
merlin-it,merlin-it,1,1.4699915647506714
merlin-it,merlin-it,1,1.2628737688064575
merlin-it,merlin-it,1,1.317219614982605
merlin-it,merlin-it,1,1.6801704168319702
merlin-it,merlin-it,1,1.9854074716567993
merlin-it,merlin-it,1,2.3314945697784424
merlin-it,merlin-it,1,1.503810167312622
merlin-it,merlin-it,1,1.1986658573150635
merlin-it,merlin-it,1,1.9587398767471313
merlin-it,merlin-it,1,1.4512556791305542
merlin-it,merlin-it,1,1.8361467123031616
merlin-it,merlin-it,1,1.5095624923706055
merlin-it,merlin-it,1,1.0490061044692993
merlin-it,merlin-it,1,1.2431925535202026
merlin-it,merlin-it,1,1.5966508388519287
merlin-it,merlin-it,1,1.696262001991272
merlin-it,merlin-it,1,1.2088040113449097
merlin-it,merlin-it,1,2.056361675262451
merlin-it,merlin-it,1,1.8745290040969849
merlin-it,merlin-it,1,1.4423326253890991
merlin-it,merlin-it,1,1.41049325466156
merlin-it,merlin-it,1,1.030833125114441
merlin-it,merlin-it,1,1.3430548906326294
merlin-it,merlin-it,1,1.7274799346923828
merlin-it,merlin-it,1,1.755989909172058
merlin-it,merlin-it,1,2.0434319972991943
merlin-it,merlin-it,1,1.5121296644210815
merlin-it,merlin-it,1,1.6602470874786377
merlin-it,merlin-it,1,1.8862072229385376
merlin-it,merlin-it,1,1.6259526014328003
merlin-it,merlin-it,1,2.11142897605896
merlin-it,merlin-it,1,1.7442901134490967
merlin-it,merlin-it,1,1.0079444646835327
merlin-it,merlin-it,1,1.2341638803482056
merlin-it,merlin-it,1,1.1632095575332642
merlin-it,merlin-it,1,1.3960849046707153
merlin-it,merlin-it,1,2.034848690032959
merlin-it,merlin-it,1,1.1966623067855835
merlin-it,merlin-it,1,1.2768555879592896
merlin-it,merlin-it,1,1.5110201835632324
merlin-it,merlin-it,1,1.3037227392196655
merlin-it,merlin-it,0,1.0785988569259644
merlin-it,merlin-it,1,1.73607337474823
merlin-it,merlin-it,1,1.6309471130371094
merlin-it,merlin-it,1,2.15503191947937
merlin-it,merlin-it,1,2.016313314437866
merlin-it,merlin-it,1,1.314660668373108
merlin-it,merlin-it,1,1.7131962776184082
merlin-it,merlin-it,1,1.9316853284835815
merlin-it,merlin-it,1,2.3711204528808594
merlin-it,merlin-it,1,1.4763931035995483
merlin-it,merlin-it,1,1.2697654962539673
merlin-it,merlin-it,1,1.1201940774917603
merlin-it,merlin-it,1,1.2315675020217896
merlin-it,merlin-it,1,1.773425817489624
merlin-it,merlin-it,1,1.6200995445251465
merlin-it,merlin-it,1,1.6829359531402588
merlin-it,merlin-it,1,1.3979865312576294
merlin-it,merlin-it,1,1.7111190557479858
merlin-it,merlin-it,1,1.726153016090393
merlin-it,merlin-it,1,1.3937841653823853
merlin-it,merlin-it,1,1.9205442667007446
merlin-it,merlin-it,1,1.7412241697311401
merlin-it,merlin-it,1,1.485164761543274
merlin-it,merlin-it,1,1.726153016090393
merlin-it,merlin-it,1,1.7918771505355835
merlin-it,merlin-it,1,1.2726482152938843
merlin-it,merlin-it,1,1.164659857749939
merlin-it,merlin-it,1,1.6463831663131714
merlin-it,merlin-it,0,0.839286744594574
merlin-it,merlin-it,1,1.8742356300354004
merlin-it,merlin-it,0,1.9662864208221436
merlin-it,merlin-it,1,0.8499011993408203
merlin-it,merlin-it,1,1.0171946287155151
merlin-it,merlin-it,1,1.0128072500228882
merlin-it,merlin-it,1,1.4827754497528076
merlin-it,merlin-it,1,2.0117740631103516
merlin-it,merlin-it,1,1.0134755373001099
merlin-it,merlin-it,1,1.7902799844741821
merlin-it,merlin-it,1,1.8029199838638306
merlin-it,merlin-it,1,2.008925676345825
merlin-it,merlin-it,1,1.598463773727417
merlin-it,merlin-it,1,1.7090765237808228
merlin-it,merlin-it,1,2.0005710124969482
merlin-it,merlin-it,1,1.5938323736190796
merlin-it,merlin-it,1,1.319043755531311
merlin-it,merlin-it,1,1.664172887802124
merlin-it,merlin-it,1,1.4362460374832153
merlin-it,merlin-it,2,1.851539134979248
merlin-it,merlin-it,1,1.3873790502548218
merlin-it,merlin-it,1,1.4520364999771118
merlin-it,merlin-it,1,1.5941532850265503
merlin-it,merlin-it,1,1.8744394779205322
merlin-it,merlin-it,1,1.405073881149292
merlin-it,merlin-it,1,1.7743160724639893
merlin-it,merlin-it,1,1.942501425743103
merlin-it,merlin-it,1,1.3895996809005737
merlin-it,merlin-it,1,1.5122278928756714
merlin-it,merlin-it,1,1.9332119226455688
merlin-it,merlin-it,1,1.3270407915115356
merlin-it,merlin-it,1,1.7055946588516235
merlin-it,merlin-it,1,1.3227214813232422
merlin-it,merlin-it,1,1.6156928539276123
merlin-it,merlin-it,1,1.473422884941101
merlin-it,merlin-it,1,0.6511908769607544
merlin-it,merlin-it,1,0.8271225094795227
merlin-it,merlin-it,1,0.9797778725624084
merlin-it,merlin-it,0,0.32473084330558777
merlin-it,merlin-it,1,1.2919968366622925
merlin-it,merlin-it,1,1.0179599523544312
merlin-it,merlin-it,0,1.135769248008728
merlin-it,merlin-it,1,1.5678009986877441
merlin-it,merlin-it,1,0.9179399013519287
merlin-it,merlin-it,1,1.6238927841186523
merlin-it,merlin-it,1,1.3755090236663818
merlin-it,merlin-it,1,1.6732864379882812
merlin-it,merlin-it,2,1.7917472124099731
merlin-it,merlin-it,1,1.5050827264785767
merlin-it,merlin-it,1,2.1447367668151855
merlin-it,merlin-it,1,1.634199857711792
merlin-it,merlin-it,1,1.7856236696243286
merlin-it,merlin-it,2,1.394736409187317
merlin-it,merlin-it,1,1.5491279363632202
merlin-it,merlin-it,1,1.2689028978347778
merlin-it,merlin-it,1,1.4312673807144165
merlin-it,merlin-it,1,0.9062913060188293
merlin-it,merlin-it,1,2.0981898307800293
merlin-it,merlin-it,1,1.970717191696167
merlin-it,merlin-it,1,1.8845744132995605
merlin-it,merlin-it,0,1.5942329168319702
merlin-it,merlin-it,1,1.670702576637268
merlin-it,merlin-it,1,1.790188193321228
merlin-it,merlin-it,1,1.6798814535140991
merlin-it,merlin-it,1,0.997033417224884
merlin-it,merlin-it,1,1.7779799699783325
merlin-it,merlin-it,1,1.5774046182632446
merlin-it,merlin-it,2,1.9957859516143799
merlin-it,merlin-it,1,1.38257896900177
merlin-it,merlin-it,1,1.162005066871643
merlin-it,merlin-it,0,1.1023653745651245
merlin-it,merlin-it,0,0.9421023726463318
merlin-it,merlin-it,2,1.7632685899734497
merlin-it,merlin-it,1,1.3017278909683228
merlin-it,merlin-it,1,1.8573317527770996
merlin-it,merlin-it,0,1.487933874130249
merlin-it,merlin-it,1,2.2629785537719727
merlin-it,merlin-it,1,1.919927716255188
merlin-it,merlin-it,2,2.0500376224517822
merlin-it,merlin-it,1,1.9552462100982666
merlin-it,merlin-it,1,1.9012112617492676
merlin-it,merlin-it,1,1.3878216743469238
merlin-it,merlin-it,2,1.7961342334747314
merlin-it,merlin-it,1,1.930534839630127
merlin-it,merlin-it,0,1.263107180595398
merlin-it,merlin-it,1,1.3352351188659668
merlin-it,merlin-it,1,1.7777037620544434
merlin-it,merlin-it,0,1.3919066190719604
merlin-it,merlin-it,0,1.1590403318405151
merlin-it,merlin-it,0,1.8521296977996826
merlin-it,merlin-it,1,1.6617887020111084
merlin-it,merlin-it,1,1.7649929523468018
merlin-it,merlin-it,1,1.9639180898666382
merlin-it,merlin-it,1,1.7051767110824585
merlin-it,merlin-it,0,1.552414894104004
merlin-it,merlin-it,1,1.8679522275924683
merlin-it,merlin-it,1,1.8968623876571655
merlin-it,merlin-it,1,1.7211215496063232
merlin-it,merlin-it,1,2.180983066558838
merlin-it,merlin-it,1,1.5732871294021606
merlin-it,merlin-it,2,1.6421939134597778
merlin-it,merlin-it,1,1.7625360488891602
merlin-it,merlin-it,1,1.6526401042938232
merlin-it,merlin-it,1,1.5085338354110718
merlin-it,merlin-it,1,1.399532675743103
merlin-it,merlin-it,1,1.3687885999679565
merlin-it,merlin-it,0,1.8217710256576538
merlin-it,merlin-it,1,1.787213683128357
merlin-it,merlin-it,0,1.1681568622589111
merlin-it,merlin-it,1,1.8889371156692505
merlin-it,merlin-it,1,1.9141210317611694
merlin-it,merlin-it,1,1.5111725330352783
merlin-it,merlin-it,1,1.9105838537216187
merlin-it,merlin-it,1,1.7304742336273193
merlin-it,merlin-it,1,1.117190957069397
merlin-it,merlin-it,0,1.0753215551376343
merlin-it,merlin-it,1,2.0006301403045654
merlin-it,merlin-it,1,1.0833039283752441
merlin-it,merlin-it,1,1.3796563148498535
merlin-it,merlin-it,1,1.1085177659988403
merlin-it,merlin-it,1,1.205701470375061
merlin-it,merlin-it,1,1.3362332582473755
merlin-it,merlin-it,1,1.3995447158813477
merlin-it,merlin-it,1,1.2166552543640137
merlin-it,merlin-it,1,1.6398286819458008
merlin-it,merlin-it,1,1.784397840499878
merlin-it,merlin-it,1,2.108959436416626
merlin-it,merlin-it,1,0.948581874370575
merlin-it,merlin-it,1,1.7386130094528198
merlin-it,merlin-it,1,2.0753884315490723
merlin-it,merlin-it,1,2.049807548522949
merlin-it,merlin-it,1,1.2430682182312012
merlin-it,merlin-it,1,1.5882142782211304
merlin-it,merlin-it,0,0.7783458828926086
merlin-it,merlin-it,1,1.7924824953079224
merlin-it,merlin-it,1,1.5219439268112183
merlin-it,merlin-it,1,1.2040033340454102
merlin-it,merlin-it,1,1.1007740497589111
merlin-it,merlin-it,1,1.4625277519226074
merlin-it,merlin-it,1,1.6956404447555542
merlin-it,merlin-it,1,1.062351942062378
merlin-it,merlin-it,2,1.76927649974823
merlin-it,merlin-it,1,1.7151000499725342
merlin-it,merlin-it,2,1.9965451955795288
merlin-it,merlin-it,1,1.8428999185562134
merlin-it,merlin-it,1,1.3592054843902588
merlin-it,merlin-it,2,2.206543207168579
merlin-it,merlin-it,2,1.7365343570709229
merlin-it,merlin-it,0,0.5024592876434326
merlin-it,merlin-it,2,1.8911808729171753
merlin-it,merlin-it,2,1.735901951789856
merlin-it,merlin-it,1,1.0206578969955444
merlin-it,merlin-it,1,1.7532734870910645
merlin-it,merlin-it,1,1.897744059562683
merlin-it,merlin-it,1,1.3307124376296997
merlin-it,merlin-it,2,1.7047970294952393
merlin-it,merlin-it,2,1.688706874847412
merlin-it,merlin-it,0,0.9313052892684937
merlin-it,merlin-it,1,0.3223303258419037
merlin-it,merlin-it,2,1.4659955501556396
merlin-it,merlin-it,1,1.5974541902542114
merlin-it,merlin-it,1,1.3776257038116455
merlin-it,merlin-it,2,1.3732075691223145
merlin-it,merlin-it,1,1.1735481023788452
merlin-it,merlin-it,1,1.3616595268249512
merlin-it,merlin-it,1,1.8150008916854858
merlin-it,merlin-it,1,1.6529003381729126
merlin-it,merlin-it,2,1.6819864511489868
merlin-it,merlin-it,1,2.2855100631713867
merlin-it,merlin-it,1,1.4850783348083496
merlin-it,merlin-it,1,0.8595702052116394
merlin-it,merlin-it,1,1.724403738975525
merlin-it,merlin-it,2,2.0558838844299316
merlin-it,merlin-it,2,1.6896144151687622
merlin-it,merlin-it,2,2.0043935775756836
merlin-it,merlin-it,1,2.624854564666748
merlin-it,merlin-it,1,1.3234745264053345
merlin-it,merlin-it,2,1.7380801439285278
merlin-it,merlin-it,1,1.6756455898284912
merlin-it,merlin-it,1,1.8456101417541504
merlin-it,merlin-it,1,0.9956602454185486
merlin-it,merlin-it,1,1.7751765251159668
merlin-it,merlin-it,1,0.8141794800758362
merlin-it,merlin-it,1,1.6045180559158325
merlin-it,merlin-it,1,0.9859638214111328
merlin-it,merlin-it,2,1.723544716835022
merlin-it,merlin-it,1,1.249656081199646
merlin-it,merlin-it,1,1.2824041843414307
merlin-it,merlin-it,1,1.6951621770858765
merlin-it,merlin-it,1,1.4208743572235107
merlin-it,merlin-it,1,2.320268154144287
merlin-it,merlin-it,1,0.8361316919326782
merlin-it,merlin-it,1,1.2528345584869385
merlin-it,merlin-it,1,1.7074717283248901
merlin-it,merlin-it,2,2.0136566162109375
merlin-it,merlin-it,2,2.0880558490753174
merlin-it,merlin-it,2,1.9198201894760132
merlin-it,merlin-it,1,0.9468594193458557
merlin-it,merlin-it,2,1.7432974576950073
merlin-it,merlin-it,2,1.3588124513626099
merlin-it,merlin-it,1,0.954105019569397
merlin-it,merlin-it,1,0.8511980772018433
merlin-it,merlin-it,2,1.53416109085083
merlin-it,merlin-it,1,1.2686924934387207
merlin-it,merlin-it,1,1.5534478425979614
merlin-it,merlin-it,2,2.043954849243164
merlin-it,merlin-it,1,1.6054376363754272
merlin-it,merlin-it,1,1.1433007717132568
merlin-it,merlin-it,1,1.931572675704956
merlin-it,merlin-it,1,1.7051239013671875
merlin-it,merlin-it,1,1.5700715780258179
merlin-it,merlin-it,1,1.7420029640197754
merlin-it,merlin-it,1,1.8665409088134766
merlin-it,merlin-it,2,1.6518040895462036
merlin-it,merlin-it,1,1.8585063219070435
merlin-it,merlin-it,1,1.5507707595825195
merlin-it,merlin-it,1,1.548592209815979
merlin-it,merlin-it,1,0.9931005239486694
merlin-it,merlin-it,1,1.6478705406188965
merlin-it,merlin-it,2,1.9261870384216309
merlin-it,merlin-it,1,1.3055897951126099
merlin-it,merlin-it,1,1.5634689331054688
merlin-it,merlin-it,1,1.663142442703247
merlin-it,merlin-it,1,1.174075722694397
merlin-it,merlin-it,1,1.5134172439575195
merlin-it,merlin-it,1,1.245822787284851
merlin-it,merlin-it,1,1.6337193250656128
merlin-it,merlin-it,1,1.3675401210784912
merlin-it,merlin-it,1,1.6320358514785767
merlin-it,merlin-it,0,1.2103333473205566
merlin-it,merlin-it,1,1.5220026969909668
merlin-it,merlin-it,0,1.6200270652770996
merlin-it,merlin-it,1,2.0641047954559326
merlin-it,merlin-it,0,1.047672152519226
merlin-it,merlin-it,0,1.1991242170333862
merlin-it,merlin-it,1,1.9908846616744995
merlin-it,merlin-it,0,1.142534613609314
merlin-it,merlin-it,2,1.901350498199463
merlin-it,merlin-it,1,1.7901026010513306
merlin-it,merlin-it,1,1.9013397693634033
merlin-it,merlin-it,1,1.9090543985366821
merlin-it,merlin-it,1,1.3829258680343628
merlin-it,merlin-it,1,1.3800785541534424
merlin-it,merlin-it,1,1.7287074327468872
merlin-it,merlin-it,1,1.2252763509750366
merlin-it,merlin-it,1,2.123444080352783
merlin-it,merlin-it,1,1.822080373764038
merlin-it,merlin-it,1,1.8011906147003174
merlin-it,merlin-it,1,1.6526635885238647
merlin-it,merlin-it,1,1.53592848777771
merlin-it,merlin-it,2,1.5522860288619995
merlin-it,merlin-it,1,1.1620514392852783
merlin-it,merlin-it,1,1.6832337379455566
merlin-it,merlin-it,1,1.6053956747055054
merlin-it,merlin-it,1,1.3137662410736084
merlin-it,merlin-it,1,1.1179040670394897
merlin-it,merlin-it,1,1.2224595546722412
merlin-it,merlin-it,1,1.5059921741485596
merlin-it,merlin-it,1,1.968254566192627
merlin-it,merlin-it,1,1.3553965091705322
merlin-it,merlin-it,1,1.4349241256713867
merlin-it,merlin-it,2,1.610776424407959
merlin-it,merlin-it,2,1.6867705583572388
merlin-it,merlin-it,1,1.5972888469696045
merlin-it,merlin-it,1,1.4661428928375244
merlin-it,merlin-it,2,1.5443617105484009
merlin-it,merlin-it,1,1.6375353336334229
merlin-it,merlin-it,1,1.6607033014297485
merlin-it,merlin-it,1,1.455952525138855
merlin-it,merlin-it,1,1.8407000303268433
merlin-it,merlin-it,1,1.3626583814620972
merlin-it,merlin-it,1,1.0854883193969727
merlin-it,merlin-it,1,1.5665104389190674
merlin-it,merlin-it,1,1.7011370658874512
merlin-it,merlin-it,1,1.640183687210083
merlin-it,merlin-it,1,1.8674894571304321
merlin-it,merlin-it,1,0.8807145953178406
merlin-it,merlin-it,1,1.6053099632263184
merlin-it,merlin-it,1,1.6558520793914795
merlin-it,merlin-it,2,1.4488532543182373
merlin-it,merlin-it,2,1.4870818853378296
merlin-it,merlin-it,1,1.641244888305664
merlin-it,merlin-it,1,1.6964960098266602
merlin-it,merlin-it,1,1.9151623249053955
merlin-it,merlin-it,1,1.6122933626174927
merlin-it,merlin-it,1,1.433205246925354
merlin-it,merlin-it,1,1.8487277030944824
merlin-it,merlin-it,2,1.7976685762405396
merlin-it,merlin-it,1,1.3998509645462036
merlin-it,merlin-it,2,1.814430594444275
merlin-it,merlin-it,1,1.6863807439804077
merlin-it,merlin-it,1,1.585507869720459
merlin-it,merlin-it,1,1.5627037286758423
merlin-it,merlin-it,1,1.3768576383590698
merlin-it,merlin-it,1,1.990682601928711
merlin-it,merlin-it,1,1.919927716255188
merlin-it,merlin-it,2,1.333879828453064
merlin-it,merlin-it,1,1.6071686744689941
merlin-it,merlin-it,1,1.356451153755188
merlin-it,merlin-it,1,1.6453828811645508
merlin-it,merlin-it,1,1.3721715211868286
merlin-it,merlin-it,1,1.3051246404647827
merlin-it,merlin-it,1,1.5389759540557861
merlin-it,merlin-it,1,1.1430002450942993
merlin-it,merlin-it,2,1.8373868465423584
merlin-it,merlin-it,1,1.6007598638534546
merlin-it,merlin-it,1,1.684522271156311
merlin-it,merlin-it,1,1.2663910388946533
merlin-it,merlin-it,2,1.6969932317733765
merlin-it,merlin-it,1,1.5171030759811401
merlin-it,merlin-it,0,1.4253162145614624
merlin-it,merlin-it,1,1.307555913925171
merlin-it,merlin-it,1,1.9324822425842285
merlin-it,merlin-it,1,1.486449122428894
merlin-it,merlin-it,1,1.461099624633789
merlin-it,merlin-it,1,1.3663865327835083
merlin-it,merlin-it,2,1.5528724193572998
merlin-it,merlin-it,1,1.519520878791809
merlin-it,merlin-it,1,1.5585925579071045
merlin-it,merlin-it,2,2.2542972564697266
merlin-it,merlin-it,0,1.1112672090530396
merlin-it,merlin-it,1,2.0947163105010986
merlin-it,merlin-it,1,2.0916056632995605
merlin-it,merlin-it,1,1.4806114435195923
merlin-it,merlin-it,2,1.5051543712615967
merlin-it,merlin-it,2,1.8635205030441284
merlin-it,merlin-it,1,1.7765719890594482
merlin-it,merlin-it,2,1.51874577999115
merlin-it,merlin-it,1,1.8310227394104004
merlin-it,merlin-it,1,1.6460977792739868
merlin-it,merlin-it,1,1.6878550052642822
merlin-it,merlin-it,1,1.4251631498336792
merlin-de,merlin-de,3,2.1810173988342285
merlin-de,merlin-de,3,2.404061794281006
merlin-de,merlin-de,3,2.330811023712158
merlin-de,merlin-de,3,2.4388861656188965
merlin-de,merlin-de,2,2.139249324798584
merlin-de,merlin-de,2,2.111790180206299
merlin-de,merlin-de,3,2.05816912651062
merlin-de,merlin-de,3,2.091231346130371
merlin-de,merlin-de,3,1.860988974571228
merlin-de,merlin-de,2,1.7902778387069702
merlin-de,merlin-de,3,2.398530960083008
merlin-de,merlin-de,2,1.9580589532852173
merlin-de,merlin-de,2,2.31807804107666
merlin-de,merlin-de,3,1.7251412868499756
merlin-de,merlin-de,3,2.37467098236084
merlin-de,merlin-de,3,2.0142810344696045
merlin-de,merlin-de,2,2.0212221145629883
merlin-de,merlin-de,3,1.6445242166519165
merlin-de,merlin-de,2,1.923439621925354
merlin-de,merlin-de,3,2.4553158283233643
merlin-de,merlin-de,3,2.2881219387054443
merlin-de,merlin-de,3,2.2865800857543945
merlin-de,merlin-de,3,2.11049222946167
merlin-de,merlin-de,2,2.578706741333008
merlin-de,merlin-de,3,2.0714118480682373
merlin-de,merlin-de,2,2.499659776687622
merlin-de,merlin-de,3,2.28554630279541
merlin-de,merlin-de,4,2.481624126434326
merlin-de,merlin-de,3,2.3553073406219482
merlin-de,merlin-de,2,1.9117497205734253
merlin-de,merlin-de,3,2.312899589538574
merlin-de,merlin-de,3,2.3387906551361084
merlin-de,merlin-de,3,2.505225419998169
merlin-de,merlin-de,2,2.598240852355957
merlin-de,merlin-de,2,1.9534416198730469
merlin-de,merlin-de,2,2.3340635299682617
merlin-de,merlin-de,2,2.147752046585083
merlin-de,merlin-de,3,2.5234601497650146
merlin-de,merlin-de,2,2.284085988998413
merlin-de,merlin-de,3,2.416903018951416
merlin-de,merlin-de,2,2.0996041297912598
merlin-de,merlin-de,2,2.385190725326538
merlin-de,merlin-de,3,2.7244131565093994
merlin-de,merlin-de,2,2.130131959915161
merlin-de,merlin-de,3,2.2569332122802734
merlin-de,merlin-de,3,2.1252105236053467
merlin-de,merlin-de,2,2.2045629024505615
merlin-de,merlin-de,2,2.3714418411254883
merlin-de,merlin-de,3,3.187084674835205
merlin-de,merlin-de,4,2.9948596954345703
merlin-de,merlin-de,3,2.285283327102661
merlin-de,merlin-de,3,2.2484259605407715
merlin-de,merlin-de,3,2.4837276935577393
merlin-de,merlin-de,2,1.8067970275878906
merlin-de,merlin-de,3,2.4497694969177246
merlin-de,merlin-de,3,3.228627920150757
merlin-de,merlin-de,3,2.1965231895446777
merlin-de,merlin-de,3,3.1720097064971924
merlin-de,merlin-de,3,2.308281421661377
merlin-de,merlin-de,1,1.7712020874023438
merlin-de,merlin-de,2,2.285231828689575
merlin-de,merlin-de,3,2.4876019954681396
merlin-de,merlin-de,3,2.2942118644714355
merlin-de,merlin-de,2,2.237183094024658
merlin-de,merlin-de,4,3.4391844272613525
merlin-de,merlin-de,3,2.3404653072357178
merlin-de,merlin-de,3,2.1666040420532227
merlin-de,merlin-de,3,2.3127777576446533
merlin-de,merlin-de,3,2.2415592670440674
merlin-de,merlin-de,3,2.1688413619995117
merlin-de,merlin-de,3,2.3126637935638428
merlin-de,merlin-de,3,2.2782914638519287
merlin-de,merlin-de,2,2.0670812129974365
merlin-de,merlin-de,4,2.39866042137146
merlin-de,merlin-de,3,2.3272573947906494
merlin-de,merlin-de,3,2.7161567211151123
merlin-de,merlin-de,3,2.2927000522613525
merlin-de,merlin-de,3,2.5826072692871094
merlin-de,merlin-de,3,2.2974753379821777
merlin-de,merlin-de,2,2.350964069366455
merlin-de,merlin-de,3,2.0181970596313477
merlin-de,merlin-de,3,2.3974573612213135
merlin-de,merlin-de,3,2.32507061958313
merlin-de,merlin-de,3,2.383396625518799
merlin-de,merlin-de,2,2.212859869003296
merlin-de,merlin-de,3,2.405730724334717
merlin-de,merlin-de,2,2.4859635829925537
merlin-de,merlin-de,2,2.313807964324951
merlin-de,merlin-de,2,2.218266010284424
merlin-de,merlin-de,3,2.4156839847564697
merlin-de,merlin-de,3,1.7029954195022583
merlin-de,merlin-de,3,2.199652671813965
merlin-de,merlin-de,3,2.2452008724212646
merlin-de,merlin-de,2,2.0268986225128174
merlin-de,merlin-de,3,2.431688070297241
merlin-de,merlin-de,3,2.267061948776245
merlin-de,merlin-de,3,2.0557620525360107
merlin-de,merlin-de,2,1.700586199760437
merlin-de,merlin-de,2,2.4032580852508545
merlin-de,merlin-de,3,2.215787649154663
merlin-de,merlin-de,3,2.3132057189941406
merlin-de,merlin-de,3,3.08039927482605
merlin-de,merlin-de,3,2.1798689365386963
merlin-de,merlin-de,3,2.3881850242614746
merlin-de,merlin-de,3,2.2852249145507812
merlin-de,merlin-de,3,2.240666627883911
merlin-de,merlin-de,2,2.180901527404785
merlin-de,merlin-de,3,2.5454468727111816
merlin-de,merlin-de,3,2.366912603378296
merlin-de,merlin-de,3,2.7056398391723633
merlin-de,merlin-de,4,2.2940216064453125
merlin-de,merlin-de,3,2.372896194458008
merlin-de,merlin-de,3,2.3615474700927734
merlin-de,merlin-de,3,2.2937633991241455
merlin-de,merlin-de,3,2.409954786300659
merlin-de,merlin-de,3,3.1551272869110107
merlin-de,merlin-de,2,2.4753570556640625
merlin-de,merlin-de,2,2.0865464210510254
merlin-de,merlin-de,3,2.3797101974487305
merlin-de,merlin-de,3,2.0126848220825195
merlin-de,merlin-de,2,2.370331287384033
merlin-de,merlin-de,3,2.4110403060913086
merlin-de,merlin-de,3,2.453232526779175
merlin-de,merlin-de,3,2.2908947467803955
merlin-de,merlin-de,2,2.5302324295043945
merlin-de,merlin-de,3,2.2541630268096924
merlin-de,merlin-de,2,2.312784433364868
merlin-de,merlin-de,3,2.550525188446045
merlin-de,merlin-de,3,2.2403554916381836
merlin-de,merlin-de,3,2.26315975189209
merlin-de,merlin-de,3,2.933647394180298
merlin-de,merlin-de,3,2.268521308898926
merlin-de,merlin-de,2,2.465559959411621
merlin-de,merlin-de,3,2.200809955596924
merlin-de,merlin-de,3,2.3040006160736084
merlin-de,merlin-de,2,2.1574625968933105
merlin-de,merlin-de,3,2.387136697769165
merlin-de,merlin-de,2,2.265172004699707
merlin-de,merlin-de,3,2.3811419010162354
merlin-de,merlin-de,3,3.1171035766601562
merlin-de,merlin-de,3,2.3156847953796387
merlin-de,merlin-de,2,2.229687452316284
merlin-de,merlin-de,2,2.017225980758667
merlin-de,merlin-de,1,1.8479679822921753
merlin-de,merlin-de,3,2.6274466514587402
merlin-de,merlin-de,4,2.357914924621582
merlin-de,merlin-de,3,2.3700685501098633
merlin-de,merlin-de,3,3.251208543777466
merlin-de,merlin-de,3,2.3322811126708984
merlin-de,merlin-de,3,2.8277342319488525
merlin-de,merlin-de,3,2.2992849349975586
merlin-de,merlin-de,3,2.4876253604888916
merlin-de,merlin-de,2,2.241882801055908
merlin-de,merlin-de,3,2.268171787261963
merlin-de,merlin-de,2,2.1412277221679688
merlin-de,merlin-de,2,2.2439188957214355
merlin-de,merlin-de,2,2.2496566772460938
merlin-de,merlin-de,3,2.351454019546509
merlin-de,merlin-de,2,2.160379409790039
merlin-de,merlin-de,2,2.507744312286377
merlin-de,merlin-de,2,2.284266710281372
merlin-de,merlin-de,3,2.0168845653533936
merlin-de,merlin-de,3,2.3465611934661865
merlin-de,merlin-de,2,2.3839962482452393
merlin-de,merlin-de,3,2.2722256183624268
merlin-de,merlin-de,3,2.449497938156128
merlin-de,merlin-de,3,2.5493574142456055
merlin-de,merlin-de,2,2.4868297576904297
merlin-de,merlin-de,3,2.299715757369995
merlin-de,merlin-de,3,2.3561878204345703
merlin-de,merlin-de,3,2.289231061935425
merlin-de,merlin-de,2,2.0183284282684326
merlin-de,merlin-de,2,2.0966155529022217
merlin-de,merlin-de,2,2.2768497467041016
merlin-de,merlin-de,3,2.1967880725860596
merlin-de,merlin-de,3,2.5121402740478516
merlin-de,merlin-de,3,2.1732847690582275
merlin-de,merlin-de,3,2.245025157928467
merlin-de,merlin-de,3,2.2159597873687744
merlin-de,merlin-de,2,1.851917028427124
merlin-de,merlin-de,3,2.0902764797210693
merlin-de,merlin-de,3,2.3507678508758545
merlin-de,merlin-de,2,2.263272762298584
merlin-de,merlin-de,2,2.1913628578186035
merlin-de,merlin-de,3,2.3686866760253906
merlin-de,merlin-de,3,2.455744743347168
merlin-de,merlin-de,3,2.2259488105773926
merlin-de,merlin-de,3,2.2582848072052
merlin-de,merlin-de,3,2.2490298748016357
merlin-de,merlin-de,3,2.2702929973602295
merlin-de,merlin-de,2,2.4821648597717285
merlin-de,merlin-de,2,2.2835936546325684
merlin-de,merlin-de,3,2.2770392894744873
merlin-de,merlin-de,3,2.4052155017852783
merlin-de,merlin-de,3,2.417548418045044
merlin-de,merlin-de,2,2.3036885261535645
merlin-de,merlin-de,2,1.707327961921692
merlin-de,merlin-de,3,2.3636538982391357
merlin-de,merlin-de,3,2.449075937271118
merlin-de,merlin-de,2,2.308870553970337
merlin-de,merlin-de,2,2.178720474243164
merlin-de,merlin-de,2,2.9337477684020996
merlin-de,merlin-de,3,2.2290749549865723
merlin-de,merlin-de,2,2.232135057449341
merlin-de,merlin-de,4,2.44150447845459
merlin-de,merlin-de,3,2.2146735191345215
merlin-de,merlin-de,3,2.077205181121826
merlin-de,merlin-de,2,2.2613937854766846
merlin-de,merlin-de,3,1.9413073062896729
merlin-de,merlin-de,4,2.045579195022583
merlin-de,merlin-de,2,1.507091760635376
merlin-de,merlin-de,3,2.740043878555298
merlin-de,merlin-de,3,2.0299954414367676
merlin-de,merlin-de,3,1.9678764343261719
merlin-de,merlin-de,4,1.9662162065505981
merlin-de,merlin-de,4,2.571838140487671
merlin-de,merlin-de,3,2.3862950801849365
merlin-de,merlin-de,4,2.123004198074341
merlin-de,merlin-de,3,2.788381576538086
merlin-de,merlin-de,4,2.80145263671875
merlin-de,merlin-de,4,2.9154584407806396
merlin-de,merlin-de,3,3.113502264022827
merlin-de,merlin-de,4,2.8838939666748047
merlin-de,merlin-de,3,2.1498589515686035
merlin-de,merlin-de,4,2.62583589553833
merlin-de,merlin-de,3,2.5493061542510986
merlin-de,merlin-de,3,2.3729541301727295
merlin-de,merlin-de,3,3.126662492752075
merlin-de,merlin-de,3,1.791272521018982
merlin-de,merlin-de,3,2.190490961074829
merlin-de,merlin-de,3,2.82981276512146
merlin-de,merlin-de,3,2.910386800765991
merlin-de,merlin-de,3,2.8080875873565674
merlin-de,merlin-de,4,3.464264154434204
merlin-de,merlin-de,3,3.0059702396392822
merlin-de,merlin-de,3,2.7302944660186768
merlin-de,merlin-de,3,3.2444374561309814
merlin-de,merlin-de,3,1.8135510683059692
merlin-de,merlin-de,3,2.123241901397705
merlin-de,merlin-de,3,2.0407629013061523
merlin-de,merlin-de,3,2.591620683670044
merlin-de,merlin-de,3,2.716993808746338
merlin-de,merlin-de,3,2.6818103790283203
merlin-de,merlin-de,2,2.5176546573638916
merlin-de,merlin-de,3,2.7176055908203125
merlin-de,merlin-de,4,2.9241652488708496
merlin-de,merlin-de,3,3.0789692401885986
merlin-de,merlin-de,4,3.13173770904541
merlin-de,merlin-de,3,2.541377305984497
merlin-de,merlin-de,3,2.917010545730591
merlin-de,merlin-de,3,1.3179606199264526
merlin-de,merlin-de,4,2.895083427429199
merlin-de,merlin-de,4,2.0510036945343018
merlin-de,merlin-de,4,2.919384479522705
merlin-de,merlin-de,4,2.0850603580474854
merlin-de,merlin-de,3,2.6612181663513184
merlin-de,merlin-de,3,2.6383559703826904
merlin-de,merlin-de,3,2.502847194671631
merlin-de,merlin-de,4,2.2970800399780273
merlin-de,merlin-de,3,1.8438655138015747
merlin-de,merlin-de,3,2.3214237689971924
merlin-de,merlin-de,3,2.085584878921509
merlin-de,merlin-de,4,3.071528911590576
merlin-de,merlin-de,3,2.8562045097351074
merlin-de,merlin-de,4,2.3884732723236084
merlin-de,merlin-de,3,3.316283941268921
merlin-de,merlin-de,3,2.8863701820373535
merlin-de,merlin-de,3,2.619058609008789
merlin-de,merlin-de,4,2.199043035507202
merlin-de,merlin-de,3,2.204927444458008
merlin-de,merlin-de,2,2.624633312225342
merlin-de,merlin-de,2,2.318113327026367
merlin-de,merlin-de,3,2.2409534454345703
merlin-de,merlin-de,3,2.113492250442505
merlin-de,merlin-de,4,2.5095808506011963
merlin-de,merlin-de,3,2.875044345855713
merlin-de,merlin-de,3,2.1843557357788086
merlin-de,merlin-de,3,2.266366481781006
merlin-de,merlin-de,3,2.36938738822937
merlin-de,merlin-de,4,2.3410797119140625
merlin-de,merlin-de,4,2.735440731048584
merlin-de,merlin-de,3,2.664621591567993
merlin-de,merlin-de,4,2.108776330947876
merlin-de,merlin-de,3,3.388793706893921
merlin-de,merlin-de,3,2.34104061126709
merlin-de,merlin-de,4,2.3300094604492188
merlin-de,merlin-de,3,2.934171199798584
merlin-de,merlin-de,4,3.1749825477600098
merlin-de,merlin-de,3,2.2960519790649414
merlin-de,merlin-de,3,3.0689151287078857
merlin-de,merlin-de,3,2.7800116539001465
merlin-de,merlin-de,3,2.045433282852173
merlin-de,merlin-de,4,3.4557621479034424
merlin-de,merlin-de,3,1.7651585340499878
merlin-de,merlin-de,3,2.8700180053710938
merlin-de,merlin-de,3,1.8688445091247559
merlin-de,merlin-de,3,2.18731427192688
merlin-de,merlin-de,3,3.089266300201416
merlin-de,merlin-de,4,3.377643346786499
merlin-de,merlin-de,3,1.9834603071212769
merlin-de,merlin-de,3,3.0077450275421143
merlin-de,merlin-de,3,2.7981252670288086
merlin-de,merlin-de,3,2.956576108932495
merlin-de,merlin-de,3,1.5241734981536865
merlin-de,merlin-de,2,1.9034150838851929
merlin-de,merlin-de,2,2.7402093410491943
merlin-de,merlin-de,3,2.55147123336792
merlin-de,merlin-de,3,3.5180258750915527
merlin-de,merlin-de,3,2.4448885917663574
merlin-de,merlin-de,3,3.1158041954040527
merlin-de,merlin-de,3,2.141806125640869
merlin-de,merlin-de,3,2.3458974361419678
merlin-de,merlin-de,3,3.1966006755828857
merlin-de,merlin-de,4,2.509305000305176
merlin-de,merlin-de,4,2.81951904296875
merlin-de,merlin-de,4,3.682694911956787
merlin-de,merlin-de,4,1.9966360330581665
merlin-de,merlin-de,4,2.494081974029541
merlin-de,merlin-de,3,1.684356689453125
merlin-de,merlin-de,3,3.1529717445373535
merlin-de,merlin-de,3,2.1503610610961914
merlin-de,merlin-de,3,2.8778162002563477
merlin-de,merlin-de,3,2.1330273151397705
merlin-de,merlin-de,3,2.7807648181915283
merlin-de,merlin-de,2,1.9482970237731934
merlin-de,merlin-de,3,2.1974236965179443
merlin-de,merlin-de,3,2.5199315547943115
merlin-de,merlin-de,4,2.1052286624908447
merlin-de,merlin-de,2,2.42504620552063
merlin-de,merlin-de,2,2.7026615142822266
merlin-de,merlin-de,3,2.8909425735473633
merlin-de,merlin-de,2,2.239003896713257
merlin-de,merlin-de,3,2.0082857608795166
merlin-de,merlin-de,4,3.3811073303222656
merlin-de,merlin-de,3,2.7854506969451904
merlin-de,merlin-de,3,2.162543535232544
merlin-de,merlin-de,3,1.6462913751602173
merlin-de,merlin-de,2,1.9595385789871216
merlin-de,merlin-de,3,2.9390037059783936
merlin-de,merlin-de,3,2.123358964920044
merlin-de,merlin-de,3,2.4207515716552734
merlin-de,merlin-de,2,2.2390270233154297
merlin-de,merlin-de,3,2.0457870960235596
merlin-de,merlin-de,3,2.3126256465911865
merlin-de,merlin-de,2,2.3162384033203125
merlin-de,merlin-de,3,2.066251516342163
merlin-de,merlin-de,3,2.634291172027588
merlin-de,merlin-de,3,2.2263717651367188
merlin-de,merlin-de,3,2.2354772090911865
merlin-de,merlin-de,3,2.308549165725708
merlin-de,merlin-de,3,2.5334742069244385
merlin-de,merlin-de,4,3.4046335220336914
merlin-de,merlin-de,2,3.132878065109253
merlin-de,merlin-de,2,2.531468152999878
merlin-de,merlin-de,3,2.726386547088623
merlin-de,merlin-de,3,2.10966420173645
merlin-de,merlin-de,4,2.719449043273926
merlin-de,merlin-de,3,3.7642834186553955
merlin-de,merlin-de,3,2.0990214347839355
merlin-de,merlin-de,3,2.313234806060791
merlin-de,merlin-de,3,2.4874155521392822
merlin-de,merlin-de,3,3.1613125801086426
merlin-de,merlin-de,3,2.5837385654449463
merlin-de,merlin-de,3,2.572662830352783
merlin-de,merlin-de,3,2.6828670501708984
merlin-de,merlin-de,3,2.3625810146331787
merlin-de,merlin-de,3,3.507911443710327
merlin-de,merlin-de,3,2.4490864276885986
merlin-de,merlin-de,3,2.152733325958252
merlin-de,merlin-de,3,3.009138345718384
merlin-de,merlin-de,3,3.007408857345581
merlin-de,merlin-de,2,2.236910581588745
merlin-de,merlin-de,3,3.532785654067993
merlin-de,merlin-de,3,1.555433988571167
merlin-de,merlin-de,3,2.668727397918701
merlin-de,merlin-de,3,2.535599708557129
merlin-de,merlin-de,3,1.8798869848251343
merlin-de,merlin-de,3,2.216252326965332
merlin-de,merlin-de,2,2.224161148071289
merlin-de,merlin-de,2,2.5236213207244873
merlin-de,merlin-de,3,2.0668458938598633
merlin-de,merlin-de,3,2.495786666870117
merlin-de,merlin-de,3,2.366292953491211
merlin-de,merlin-de,3,2.665470838546753
merlin-de,merlin-de,4,2.8422861099243164
merlin-de,merlin-de,2,2.836134195327759
merlin-de,merlin-de,3,2.1759278774261475
merlin-de,merlin-de,3,2.133911371231079
merlin-de,merlin-de,3,2.1920957565307617
merlin-de,merlin-de,3,3.080528736114502
merlin-de,merlin-de,3,2.890852212905884
merlin-de,merlin-de,3,2.1052286624908447
merlin-de,merlin-de,2,2.6052730083465576
merlin-de,merlin-de,2,2.104430913925171
merlin-de,merlin-de,3,3.4818434715270996
merlin-de,merlin-de,3,2.3398079872131348
merlin-de,merlin-de,3,2.3728551864624023
merlin-de,merlin-de,3,2.4889590740203857
merlin-de,merlin-de,2,2.1467742919921875
merlin-de,merlin-de,3,2.7706470489501953
merlin-de,merlin-de,3,2.451533079147339
merlin-de,merlin-de,3,2.1545519828796387
merlin-de,merlin-de,2,2.3792173862457275
merlin-de,merlin-de,4,2.1140620708465576
merlin-de,merlin-de,3,2.882185935974121
merlin-de,merlin-de,3,2.0992391109466553
merlin-de,merlin-de,4,2.8909270763397217
merlin-de,merlin-de,3,1.8389137983322144
merlin-de,merlin-de,3,1.5505331754684448
merlin-de,merlin-de,2,1.297655701637268
merlin-de,merlin-de,1,0.9327667951583862
merlin-de,merlin-de,1,1.7483562231063843
merlin-de,merlin-de,1,1.276149868965149
merlin-de,merlin-de,2,1.6029260158538818
merlin-de,merlin-de,2,1.4324700832366943
merlin-de,merlin-de,1,1.5469919443130493
merlin-de,merlin-de,2,1.7101330757141113
merlin-de,merlin-de,1,1.8588316440582275
merlin-de,merlin-de,1,1.0337296724319458
merlin-de,merlin-de,1,1.0342295169830322
merlin-de,merlin-de,0,1.260064959526062
merlin-de,merlin-de,1,1.0850586891174316
merlin-de,merlin-de,0,1.6449791193008423
merlin-de,merlin-de,1,1.4093765020370483
merlin-de,merlin-de,1,1.2579593658447266
merlin-de,merlin-de,1,1.3899016380310059
merlin-de,merlin-de,2,1.8594706058502197
merlin-de,merlin-de,1,1.698398470878601
merlin-de,merlin-de,1,1.631588101387024
merlin-de,merlin-de,1,0.9822043776512146
merlin-de,merlin-de,0,1.0766717195510864
merlin-de,merlin-de,2,1.7115607261657715
merlin-de,merlin-de,2,1.568648338317871
merlin-de,merlin-de,2,1.5340502262115479
merlin-de,merlin-de,2,2.0118746757507324
merlin-de,merlin-de,2,1.3995870351791382
merlin-de,merlin-de,2,1.7279492616653442
merlin-de,merlin-de,1,1.6569831371307373
merlin-de,merlin-de,1,1.4096777439117432
merlin-de,merlin-de,2,1.686949610710144
merlin-de,merlin-de,3,1.4994196891784668
merlin-de,merlin-de,2,1.5742840766906738
merlin-de,merlin-de,2,2.0047926902770996
merlin-de,merlin-de,1,1.2218457460403442
merlin-de,merlin-de,2,1.6037060022354126
merlin-de,merlin-de,3,1.4280235767364502
merlin-de,merlin-de,1,1.1268407106399536
merlin-de,merlin-de,2,1.084626317024231
merlin-de,merlin-de,2,2.0519113540649414
merlin-de,merlin-de,2,1.450901746749878
merlin-de,merlin-de,2,1.671246886253357
merlin-de,merlin-de,2,1.7794173955917358
merlin-de,merlin-de,2,1.4620473384857178
merlin-de,merlin-de,2,1.6649460792541504
merlin-de,merlin-de,3,1.807228684425354
merlin-de,merlin-de,2,1.2354756593704224
merlin-de,merlin-de,1,1.7675487995147705
merlin-de,merlin-de,2,1.7842986583709717
merlin-de,merlin-de,2,2.0768704414367676
merlin-de,merlin-de,2,1.61925208568573
merlin-de,merlin-de,2,1.8935987949371338
merlin-de,merlin-de,1,1.5234163999557495
merlin-de,merlin-de,2,1.8902477025985718
merlin-de,merlin-de,2,2.1944756507873535
merlin-de,merlin-de,1,1.1598241329193115
merlin-de,merlin-de,1,1.2864700555801392
merlin-de,merlin-de,2,1.8102208375930786
merlin-de,merlin-de,2,1.728407382965088
merlin-de,merlin-de,2,1.5180585384368896
merlin-de,merlin-de,1,1.6416071653366089
merlin-de,merlin-de,2,1.4303085803985596
merlin-de,merlin-de,1,1.2812862396240234
merlin-de,merlin-de,1,1.4268745183944702
merlin-de,merlin-de,2,1.9384686946868896
merlin-de,merlin-de,2,1.7753633260726929
merlin-de,merlin-de,2,1.4303913116455078
merlin-de,merlin-de,1,1.5184136629104614
merlin-de,merlin-de,1,0.9229370355606079
merlin-de,merlin-de,1,0.9980567097663879
merlin-de,merlin-de,2,1.9136046171188354
merlin-de,merlin-de,2,1.795395851135254
merlin-de,merlin-de,1,1.446729302406311
merlin-de,merlin-de,1,0.7967973351478577
merlin-de,merlin-de,1,1.7731773853302002
merlin-de,merlin-de,1,1.4409371614456177
merlin-de,merlin-de,2,2.1162917613983154
merlin-de,merlin-de,3,2.0105087757110596
merlin-de,merlin-de,1,2.1214184761047363
merlin-de,merlin-de,1,1.4968287944793701
merlin-de,merlin-de,3,1.9997766017913818
merlin-de,merlin-de,2,1.5193055868148804
merlin-de,merlin-de,3,1.4872188568115234
merlin-de,merlin-de,3,1.488983392715454
merlin-de,merlin-de,2,2.049928665161133
merlin-de,merlin-de,2,2.0302653312683105
merlin-de,merlin-de,2,1.6605850458145142
merlin-de,merlin-de,3,2.3032515048980713
merlin-de,merlin-de,2,1.7349748611450195
merlin-de,merlin-de,2,1.6187676191329956
merlin-de,merlin-de,2,1.7457863092422485
merlin-de,merlin-de,2,1.7546491622924805
merlin-de,merlin-de,2,1.8143950700759888
merlin-de,merlin-de,1,1.9064511060714722
merlin-de,merlin-de,2,1.8403100967407227
merlin-de,merlin-de,1,1.3355882167816162
merlin-de,merlin-de,1,1.7766095399856567
merlin-de,merlin-de,1,1.5628488063812256
merlin-de,merlin-de,1,1.3646032810211182
merlin-de,merlin-de,2,1.6803025007247925
merlin-de,merlin-de,2,1.180059552192688
merlin-de,merlin-de,1,1.5067665576934814
merlin-de,merlin-de,2,1.7537894248962402
merlin-de,merlin-de,3,1.9975605010986328
merlin-de,merlin-de,1,1.277066707611084
merlin-de,merlin-de,2,1.8949122428894043
merlin-de,merlin-de,2,1.7647734880447388
merlin-de,merlin-de,3,1.620818853378296
merlin-de,merlin-de,2,1.4573637247085571
merlin-de,merlin-de,2,1.988930344581604
merlin-de,merlin-de,2,1.0630779266357422
merlin-de,merlin-de,3,1.7413808107376099
merlin-de,merlin-de,1,1.0510103702545166
merlin-de,merlin-de,2,1.7625234127044678
merlin-de,merlin-de,2,1.7117570638656616
merlin-de,merlin-de,2,1.5804797410964966
merlin-de,merlin-de,2,2.057194471359253
merlin-de,merlin-de,2,1.6129200458526611
merlin-de,merlin-de,2,1.5783958435058594
merlin-de,merlin-de,2,2.025277614593506
merlin-de,merlin-de,2,1.724918246269226
merlin-de,merlin-de,2,1.5255576372146606
merlin-de,merlin-de,2,1.3922513723373413
merlin-de,merlin-de,2,1.4494014978408813
merlin-de,merlin-de,2,1.5631451606750488
merlin-de,merlin-de,2,2.1311445236206055
merlin-de,merlin-de,1,1.4281615018844604
merlin-de,merlin-de,2,1.6678361892700195
merlin-de,merlin-de,1,1.1578720808029175
merlin-de,merlin-de,1,1.2187800407409668
merlin-de,merlin-de,2,2.0249733924865723
merlin-de,merlin-de,2,1.7839149236679077
merlin-de,merlin-de,0,1.5359108448028564
merlin-de,merlin-de,3,1.5009263753890991
merlin-de,merlin-de,2,1.4710584878921509
merlin-de,merlin-de,2,1.202946424484253
merlin-de,merlin-de,2,2.2050607204437256
merlin-de,merlin-de,2,1.6896113157272339
merlin-de,merlin-de,2,1.6906511783599854
merlin-de,merlin-de,2,1.9658150672912598
merlin-de,merlin-de,3,1.8022555112838745
merlin-de,merlin-de,2,1.567684292793274
merlin-de,merlin-de,2,1.792754888534546
merlin-de,merlin-de,2,1.7951343059539795
merlin-de,merlin-de,2,1.6029260158538818
merlin-de,merlin-de,2,1.326595664024353
merlin-de,merlin-de,3,2.1446428298950195
merlin-de,merlin-de,2,1.6559696197509766
merlin-de,merlin-de,1,1.605852723121643
merlin-de,merlin-de,2,1.478954553604126
merlin-de,merlin-de,2,1.9513038396835327
merlin-de,merlin-de,2,1.8941383361816406
merlin-de,merlin-de,2,1.6154437065124512
merlin-de,merlin-de,2,1.892476201057434
merlin-de,merlin-de,2,2.1548266410827637
merlin-de,merlin-de,2,1.5837950706481934
merlin-de,merlin-de,2,1.4818789958953857
merlin-de,merlin-de,2,1.8782240152359009
merlin-de,merlin-de,2,1.8681044578552246
merlin-de,merlin-de,2,1.9831817150115967
merlin-de,merlin-de,2,2.158989906311035
merlin-de,merlin-de,2,1.774931788444519
merlin-de,merlin-de,3,1.4406037330627441
merlin-de,merlin-de,2,1.3536691665649414
merlin-de,merlin-de,2,2.126316785812378
merlin-de,merlin-de,2,1.6646406650543213
merlin-de,merlin-de,2,1.8681237697601318
merlin-de,merlin-de,1,1.304910659790039
merlin-de,merlin-de,1,1.5558254718780518
merlin-de,merlin-de,2,1.6691150665283203
merlin-de,merlin-de,2,1.3121165037155151
merlin-de,merlin-de,2,1.674484372138977
merlin-de,merlin-de,2,1.7708641290664673
merlin-de,merlin-de,3,1.8297268152236938
merlin-de,merlin-de,2,1.773643970489502
merlin-de,merlin-de,2,1.4744716882705688
merlin-de,merlin-de,1,1.1441279649734497
merlin-de,merlin-de,3,1.7830990552902222
merlin-de,merlin-de,2,1.613000512123108
merlin-de,merlin-de,3,2.3270859718322754
merlin-de,merlin-de,2,1.9577369689941406
merlin-de,merlin-de,2,1.9196324348449707
merlin-de,merlin-de,2,2.00400447845459
merlin-de,merlin-de,2,1.8327144384384155
merlin-de,merlin-de,1,1.8315739631652832
merlin-de,merlin-de,1,1.5512397289276123
merlin-de,merlin-de,1,1.115125298500061
merlin-de,merlin-de,1,1.7102766036987305
merlin-de,merlin-de,2,2.4962050914764404
merlin-de,merlin-de,2,1.2182263135910034
merlin-de,merlin-de,3,1.9654065370559692
merlin-de,merlin-de,1,1.3128072023391724
merlin-de,merlin-de,1,1.0303748846054077
merlin-de,merlin-de,2,1.5754200220108032
merlin-de,merlin-de,1,1.697208046913147
merlin-de,merlin-de,1,1.89566171169281
merlin-de,merlin-de,1,1.099880337715149
merlin-de,merlin-de,1,1.6639422178268433
merlin-de,merlin-de,1,1.2102452516555786
merlin-de,merlin-de,2,1.7499643564224243
merlin-de,merlin-de,1,1.903324842453003
merlin-de,merlin-de,2,1.7570668458938599
merlin-de,merlin-de,2,1.522010326385498
merlin-de,merlin-de,1,1.4821923971176147
merlin-de,merlin-de,1,1.6521116495132446
merlin-de,merlin-de,2,1.6443278789520264
merlin-de,merlin-de,1,1.803524136543274
merlin-de,merlin-de,1,1.4876755475997925
merlin-de,merlin-de,2,1.0268771648406982
merlin-de,merlin-de,1,1.5012285709381104
merlin-de,merlin-de,1,1.0214723348617554
merlin-de,merlin-de,2,1.7992838621139526
merlin-de,merlin-de,2,1.3849358558654785
merlin-de,merlin-de,2,1.3806240558624268
merlin-de,merlin-de,0,0.8138887882232666
merlin-de,merlin-de,2,2.0259647369384766
merlin-de,merlin-de,2,1.6401649713516235
merlin-de,merlin-de,1,1.3798450231552124
merlin-de,merlin-de,1,1.4167498350143433
merlin-de,merlin-de,1,1.6390029191970825
merlin-de,merlin-de,1,1.857330560684204
merlin-de,merlin-de,1,1.5169090032577515
merlin-de,merlin-de,2,1.2295771837234497
merlin-de,merlin-de,1,1.6139205694198608
merlin-de,merlin-de,1,1.7227096557617188
merlin-de,merlin-de,1,1.608725666999817
merlin-de,merlin-de,2,1.873486042022705
merlin-de,merlin-de,1,1.2919074296951294
merlin-de,merlin-de,1,1.0439393520355225
merlin-de,merlin-de,1,1.1431286334991455
merlin-de,merlin-de,1,1.2105633020401
merlin-de,merlin-de,1,1.0510103702545166
merlin-de,merlin-de,1,1.0569037199020386
merlin-de,merlin-de,2,1.1197808980941772
merlin-de,merlin-de,1,1.0984159708023071
merlin-de,merlin-de,1,1.5184972286224365
merlin-de,merlin-de,1,1.399552822113037
merlin-de,merlin-de,1,1.2680684328079224
merlin-de,merlin-de,2,1.3700377941131592
merlin-de,merlin-de,1,1.4641753435134888
merlin-de,merlin-de,1,0.7674921154975891
merlin-de,merlin-de,1,1.2237355709075928
merlin-de,merlin-de,2,1.627892017364502
merlin-de,merlin-de,2,1.442872166633606
merlin-de,merlin-de,0,1.6119353771209717
merlin-de,merlin-de,1,1.041661024093628
merlin-de,merlin-de,1,1.06147301197052
merlin-de,merlin-de,1,1.0345146656036377
merlin-de,merlin-de,0,1.2925410270690918
merlin-de,merlin-de,1,1.0421123504638672
merlin-de,merlin-de,2,1.2863905429840088
merlin-de,merlin-de,1,1.2257384061813354
merlin-de,merlin-de,0,1.046899676322937
merlin-de,merlin-de,1,0.9483856558799744
merlin-de,merlin-de,0,0.7894191145896912
merlin-de,merlin-de,1,0.8466466069221497
merlin-de,merlin-de,0,1.3898191452026367
merlin-de,merlin-de,0,1.0809985399246216
merlin-de,merlin-de,0,0.8508754968643188
merlin-de,merlin-de,1,1.2158352136611938
merlin-de,merlin-de,0,1.4510189294815063
merlin-de,merlin-de,1,1.0642091035842896
merlin-de,merlin-de,1,1.2795287370681763
merlin-de,merlin-de,0,1.030198097229004
merlin-de,merlin-de,0,1.2961331605911255
merlin-de,merlin-de,1,0.9343740940093994
merlin-de,merlin-de,0,0.8659548163414001
merlin-de,merlin-de,0,0.9818522930145264
merlin-de,merlin-de,2,1.6963492631912231
merlin-de,merlin-de,1,0.9426908493041992
merlin-de,merlin-de,1,1.0131921768188477
merlin-de,merlin-de,1,1.3090256452560425
merlin-de,merlin-de,1,1.162219524383545
merlin-de,merlin-de,1,1.1305270195007324
merlin-de,merlin-de,1,1.2714290618896484
merlin-de,merlin-de,1,1.1207664012908936
merlin-de,merlin-de,1,1.0200867652893066
merlin-de,merlin-de,1,1.245949149131775
merlin-de,merlin-de,1,1.2079142332077026
merlin-de,merlin-de,1,1.0063859224319458
merlin-de,merlin-de,1,0.978153645992279
merlin-de,merlin-de,0,1.2596842050552368
merlin-de,merlin-de,1,1.1702587604522705
merlin-de,merlin-de,0,1.0743460655212402
merlin-de,merlin-de,1,0.9849267601966858
merlin-de,merlin-de,1,0.8737046718597412
merlin-de,merlin-de,2,0.5722581744194031
merlin-de,merlin-de,1,1.2944515943527222
merlin-de,merlin-de,0,1.172889232635498
merlin-de,merlin-de,1,1.2015563249588013
merlin-de,merlin-de,0,1.3860596418380737
merlin-de,merlin-de,1,1.0949965715408325
merlin-de,merlin-de,1,1.2670176029205322
merlin-de,merlin-de,1,0.9361429810523987
merlin-de,merlin-de,1,1.3040201663970947
merlin-de,merlin-de,1,0.8810659646987915
merlin-de,merlin-de,0,2.0897340774536133
merlin-de,merlin-de,1,1.0684102773666382
merlin-de,merlin-de,2,1.3929948806762695
merlin-de,merlin-de,1,1.1934776306152344
merlin-de,merlin-de,1,1.3519145250320435
merlin-de,merlin-de,0,0.7906084656715393
merlin-de,merlin-de,0,1.6072248220443726
merlin-de,merlin-de,1,1.0464870929718018
merlin-de,merlin-de,0,1.0202291011810303
merlin-de,merlin-de,1,0.6321474313735962
merlin-de,merlin-de,1,1.422949194908142
merlin-de,merlin-de,0,0.7133448123931885
merlin-de,merlin-de,1,1.1886922121047974
merlin-de,merlin-de,1,1.462023138999939
merlin-de,merlin-de,1,0.9369134902954102
merlin-de,merlin-de,0,0.8787745833396912
merlin-de,merlin-de,1,1.448532223701477
merlin-de,merlin-de,1,0.9834061861038208
merlin-de,merlin-de,0,1.1598960161209106
merlin-de,merlin-de,1,1.0409809350967407
merlin-de,merlin-de,0,0.6118849515914917
merlin-de,merlin-de,1,0.5895379781723022
merlin-de,merlin-de,1,1.3036566972732544
merlin-de,merlin-de,1,0.9329814314842224
merlin-de,merlin-de,1,1.0494349002838135
merlin-de,merlin-de,1,1.339032769203186
merlin-de,merlin-de,0,0.7961327433586121
merlin-de,merlin-de,1,1.2760924100875854
merlin-de,merlin-de,1,1.072487473487854
merlin-de,merlin-de,0,0.8608090281486511
merlin-de,merlin-de,2,1.195753574371338
merlin-de,merlin-de,2,1.5404831171035767
merlin-de,merlin-de,2,1.0021483898162842
merlin-de,merlin-de,1,1.3095999956130981
merlin-de,merlin-de,1,1.347469449043274
merlin-de,merlin-de,1,0.9185794591903687
merlin-de,merlin-de,1,1.194132685661316
merlin-de,merlin-de,1,1.0154606103897095
merlin-de,merlin-de,1,1.287297010421753
merlin-de,merlin-de,1,1.1690455675125122
merlin-de,merlin-de,2,1.325494408607483
merlin-de,merlin-de,1,0.684179425239563
merlin-de,merlin-de,2,1.38913893699646
merlin-de,merlin-de,1,1.0569558143615723
merlin-de,merlin-de,1,1.2249161005020142
merlin-de,merlin-de,1,1.2479642629623413
merlin-de,merlin-de,1,1.032784104347229
merlin-de,merlin-de,1,1.6455357074737549
merlin-de,merlin-de,1,1.2439199686050415
merlin-de,merlin-de,1,1.4165606498718262
merlin-de,merlin-de,0,0.8445652723312378
merlin-de,merlin-de,1,0.9324303269386292
merlin-de,merlin-de,1,0.9834792017936707
merlin-de,merlin-de,1,0.7980773448944092
merlin-de,merlin-de,0,0.6959433555603027
merlin-de,merlin-de,0,1.1332000494003296
merlin-de,merlin-de,0,1.4974597692489624
merlin-de,merlin-de,1,1.0877944231033325
merlin-de,merlin-de,1,1.084220051765442
merlin-de,merlin-de,0,1.102869987487793
merlin-de,merlin-de,0,1.124879002571106
merlin-de,merlin-de,1,1.176459550857544
merlin-de,merlin-de,1,0.9805931448936462
merlin-de,merlin-de,1,1.1416199207305908
merlin-de,merlin-de,1,1.1481471061706543
merlin-de,merlin-de,1,1.145986795425415
merlin-de,merlin-de,1,1.015040636062622
merlin-de,merlin-de,1,1.348369836807251
merlin-de,merlin-de,2,1.0931627750396729
merlin-de,merlin-de,1,1.2893232107162476
merlin-de,merlin-de,1,1.208412528038025
merlin-de,merlin-de,1,1.1671319007873535
merlin-de,merlin-de,1,0.7336336970329285
merlin-de,merlin-de,1,1.3339873552322388
merlin-de,merlin-de,1,0.9989132285118103
merlin-de,merlin-de,0,1.1388739347457886
merlin-de,merlin-de,2,1.1164449453353882
merlin-de,merlin-de,1,1.3265231847763062
merlin-de,merlin-de,2,1.1541404724121094
merlin-de,merlin-de,1,1.1435939073562622
merlin-de,merlin-de,1,1.068749189376831
merlin-de,merlin-de,1,1.1406508684158325
merlin-de,merlin-de,1,1.7846499681472778
merlin-de,merlin-de,1,0.8297737240791321
merlin-de,merlin-de,0,0.7637002468109131
merlin-de,merlin-de,1,0.9782675504684448
merlin-de,merlin-de,0,0.8434285521507263
merlin-de,merlin-de,0,1.6617718935012817
merlin-de,merlin-de,0,1.3101468086242676
merlin-de,merlin-de,0,1.3069944381713867
merlin-de,merlin-de,1,1.3985168933868408
merlin-de,merlin-de,1,1.676177740097046
merlin-de,merlin-de,1,1.327379584312439
merlin-de,merlin-de,0,0.8596311807632446
merlin-de,merlin-de,0,1.0710583925247192
merlin-de,merlin-de,1,1.5402071475982666
merlin-de,merlin-de,0,1.0594459772109985
merlin-de,merlin-de,0,1.259876012802124
merlin-de,merlin-de,1,1.1783446073532104
merlin-de,merlin-de,2,1.098147988319397
merlin-de,merlin-de,1,1.1576550006866455
merlin-de,merlin-de,2,1.3650020360946655
merlin-de,merlin-de,2,1.5855251550674438
merlin-de,merlin-de,2,1.9728999137878418
merlin-de,merlin-de,1,1.4214013814926147
merlin-de,merlin-de,1,0.997772216796875
merlin-de,merlin-de,1,1.4221004247665405
merlin-de,merlin-de,1,1.798693299293518
merlin-de,merlin-de,1,0.9474287629127502
merlin-de,merlin-de,0,0.8706304430961609
merlin-de,merlin-de,1,1.1501944065093994
merlin-de,merlin-de,1,1.0873699188232422
merlin-de,merlin-de,1,1.2818797826766968
merlin-de,merlin-de,1,1.3994853496551514
merlin-de,merlin-de,1,1.1992933750152588
merlin-de,merlin-de,1,1.3371992111206055
merlin-de,merlin-de,1,1.017763376235962
merlin-de,merlin-de,1,0.7991378903388977
merlin-de,merlin-de,1,1.2427302598953247
merlin-de,merlin-de,1,0.9320101141929626
merlin-de,merlin-de,1,1.5070533752441406
merlin-de,merlin-de,2,1.4237332344055176
merlin-de,merlin-de,2,1.2607929706573486
merlin-de,merlin-de,1,0.8566213250160217
merlin-de,merlin-de,2,1.3381478786468506
merlin-de,merlin-de,0,1.055017352104187
merlin-de,merlin-de,2,1.229246735572815
merlin-de,merlin-de,2,1.1916581392288208
merlin-de,merlin-de,0,0.9529917240142822
merlin-de,merlin-de,2,1.6429097652435303
merlin-de,merlin-de,2,1.16624116897583
merlin-de,merlin-de,1,0.852527379989624
merlin-de,merlin-de,1,0.8744553923606873
merlin-de,merlin-de,0,0.6681514978408813
merlin-de,merlin-de,1,1.1325775384902954
merlin-de,merlin-de,0,0.9130707383155823
merlin-de,merlin-de,2,1.1218384504318237
merlin-de,merlin-de,2,1.937445878982544
merlin-de,merlin-de,1,1.0327168703079224
merlin-de,merlin-de,1,1.3765170574188232
merlin-de,merlin-de,2,1.1721118688583374
merlin-de,merlin-de,3,1.3265374898910522
merlin-de,merlin-de,1,1.082531213760376
merlin-de,merlin-de,1,1.1765319108963013
merlin-de,merlin-de,1,1.0524423122406006
merlin-de,merlin-de,1,0.9951438903808594
merlin-de,merlin-de,2,1.1893830299377441
merlin-de,merlin-de,0,0.9817107319831848
merlin-de,merlin-de,1,1.2516915798187256
merlin-de,merlin-de,1,1.0934698581695557
merlin-de,merlin-de,1,0.9933064579963684
merlin-de,merlin-de,2,1.1217129230499268
merlin-de,merlin-de,1,1.4993515014648438
merlin-de,merlin-de,1,0.922107994556427
merlin-de,merlin-de,1,0.96083003282547
merlin-de,merlin-de,1,1.2034295797348022
merlin-de,merlin-de,1,0.8702665567398071
merlin-de,merlin-de,1,1.1870083808898926
merlin-de,merlin-de,1,1.05403470993042
merlin-de,merlin-de,1,1.3238980770111084
merlin-de,merlin-de,0,0.8428621292114258
merlin-de,merlin-de,1,1.4689509868621826
merlin-de,merlin-de,1,1.1927133798599243
merlin-de,merlin-de,2,1.3725495338439941
merlin-de,merlin-de,1,1.488983392715454
merlin-de,merlin-de,1,0.9432188272476196
merlin-de,merlin-de,1,0.9991196990013123
merlin-de,merlin-de,1,1.1878939867019653
merlin-de,merlin-de,1,1.0871121883392334
merlin-de,merlin-de,0,1.1734838485717773
merlin-de,merlin-de,0,0.6186873316764832
merlin-de,merlin-de,1,1.2531954050064087
merlin-de,merlin-de,1,1.0017848014831543
merlin-de,merlin-de,2,1.6827702522277832
merlin-de,merlin-de,2,1.643414855003357
merlin-de,merlin-de,1,0.7526282668113708
merlin-de,merlin-de,2,1.514235019683838
merlin-de,merlin-de,2,0.853408694267273
merlin-de,merlin-de,2,1.1811602115631104
merlin-de,merlin-de,1,1.7688056230545044
merlin-de,merlin-de,1,1.1410266160964966
merlin-de,merlin-de,1,1.0585837364196777
merlin-de,merlin-de,1,1.1768972873687744
merlin-de,merlin-de,2,1.1273207664489746
merlin-de,merlin-de,1,1.1220866441726685
merlin-de,merlin-de,2,1.0806567668914795
merlin-de,merlin-de,2,0.9937654733657837
merlin-de,merlin-de,1,1.2071785926818848
merlin-de,merlin-de,1,1.3249696493148804
merlin-de,merlin-de,2,1.5163474082946777
merlin-de,merlin-de,2,1.4137543439865112
merlin-de,merlin-de,1,1.2387770414352417
merlin-de,merlin-de,2,1.2053800821304321
merlin-de,merlin-de,2,1.3283745050430298
merlin-de,merlin-de,3,1.536283016204834
merlin-de,merlin-de,1,1.0656205415725708
merlin-de,merlin-de,1,1.0196642875671387
merlin-de,merlin-de,2,1.4859920740127563
merlin-de,merlin-de,1,1.296083688735962
merlin-de,merlin-de,1,1.078161597251892
merlin-de,merlin-de,2,1.2120778560638428
merlin-de,merlin-de,2,0.9784496426582336
merlin-de,merlin-de,1,1.2236580848693848
merlin-de,merlin-de,1,1.3345648050308228
merlin-de,merlin-de,2,1.228129506111145
merlin-de,merlin-de,2,1.0026053190231323
merlin-de,merlin-de,2,1.4278457164764404
merlin-de,merlin-de,2,1.6215541362762451
merlin-de,merlin-de,2,2.238126277923584
merlin-de,merlin-de,2,1.4879684448242188
merlin-de,merlin-de,1,1.5454713106155396
merlin-de,merlin-de,1,1.4345481395721436
merlin-de,merlin-de,1,1.2200616598129272
merlin-de,merlin-de,1,0.6469427943229675
merlin-de,merlin-de,1,1.0988171100616455
merlin-de,merlin-de,1,1.030822515487671
merlin-de,merlin-de,1,0.8739416003227234
merlin-de,merlin-de,1,1.083621621131897
merlin-de,merlin-de,2,1.807629942893982
merlin-de,merlin-de,2,1.7928355932235718
merlin-de,merlin-de,2,2.5236549377441406
merlin-de,merlin-de,2,1.4768222570419312
merlin-de,merlin-de,2,1.3568871021270752
merlin-de,merlin-de,2,1.2079517841339111
merlin-de,merlin-de,2,1.4458239078521729
merlin-de,merlin-de,1,1.3711694478988647
merlin-de,merlin-de,2,2.0154428482055664
merlin-de,merlin-de,1,1.6674314737319946
merlin-de,merlin-de,1,1.4614251852035522
merlin-de,merlin-de,1,1.037821888923645
merlin-de,merlin-de,1,1.0998972654342651
merlin-de,merlin-de,2,1.3840705156326294
merlin-de,merlin-de,2,1.5957086086273193
merlin-de,merlin-de,2,1.326422929763794
merlin-de,merlin-de,1,1.1977983713150024
merlin-de,merlin-de,2,1.3152660131454468
merlin-de,merlin-de,2,1.534245252609253
merlin-de,merlin-de,2,1.053163766860962
merlin-de,merlin-de,2,1.6190898418426514
merlin-de,merlin-de,1,2.031831979751587
merlin-de,merlin-de,1,1.1956654787063599
merlin-de,merlin-de,1,1.2323236465454102
merlin-de,merlin-de,2,1.8898309469223022
merlin-de,merlin-de,1,1.6025193929672241
merlin-de,merlin-de,1,1.1718275547027588
merlin-de,merlin-de,2,1.8201735019683838
merlin-de,merlin-de,1,0.9329534769058228
merlin-de,merlin-de,2,1.5210646390914917
merlin-de,merlin-de,2,1.8325916528701782
merlin-de,merlin-de,1,1.7129970788955688
merlin-de,merlin-de,2,1.6453336477279663
merlin-de,merlin-de,1,1.7336432933807373
merlin-de,merlin-de,1,1.790406346321106
merlin-de,merlin-de,2,1.9731454849243164
merlin-de,merlin-de,1,1.7174556255340576
merlin-de,merlin-de,1,1.9252128601074219
merlin-de,merlin-de,2,1.8623287677764893
merlin-de,merlin-de,1,1.5898784399032593
merlin-de,merlin-de,2,2.0236380100250244
merlin-de,merlin-de,2,1.800074577331543
merlin-de,merlin-de,1,1.9166955947875977
merlin-de,merlin-de,1,1.913205862045288
merlin-de,merlin-de,2,1.7263538837432861
merlin-de,merlin-de,2,1.9450870752334595
merlin-de,merlin-de,1,1.9553308486938477
merlin-de,merlin-de,1,1.9047869443893433
merlin-de,merlin-de,2,1.8417633771896362
merlin-de,merlin-de,2,1.7107141017913818
merlin-de,merlin-de,1,1.0868711471557617
merlin-de,merlin-de,1,1.40892493724823
merlin-de,merlin-de,2,1.509359359741211
merlin-de,merlin-de,2,1.4614956378936768
merlin-de,merlin-de,1,1.317103624343872
merlin-de,merlin-de,1,0.9304868578910828
merlin-de,merlin-de,2,1.7198816537857056
merlin-de,merlin-de,1,1.109136700630188
merlin-de,merlin-de,1,1.392281413078308
merlin-de,merlin-de,1,1.623821496963501
merlin-de,merlin-de,1,1.2917605638504028
merlin-de,merlin-de,2,1.2199797630310059
merlin-de,merlin-de,2,1.4601341485977173
merlin-de,merlin-de,2,1.4221457242965698
merlin-de,merlin-de,2,1.720716953277588
merlin-de,merlin-de,2,1.297054409980774
merlin-de,merlin-de,1,1.3513771295547485
merlin-de,merlin-de,2,2.1458051204681396
merlin-de,merlin-de,1,1.0553717613220215
merlin-de,merlin-de,1,1.3558377027511597
merlin-de,merlin-de,2,1.4291245937347412
merlin-de,merlin-de,1,1.7901391983032227
merlin-de,merlin-de,2,1.176890254020691
merlin-de,merlin-de,1,1.1291412115097046
merlin-de,merlin-de,1,1.342365026473999
merlin-de,merlin-de,2,1.3553948402404785
merlin-de,merlin-de,1,1.3904985189437866
merlin-de,merlin-de,2,1.0955867767333984
merlin-de,merlin-de,2,1.1490150690078735
merlin-de,merlin-de,2,2.0750184059143066
merlin-de,merlin-de,2,1.987087607383728
merlin-de,merlin-de,1,1.6482000350952148
merlin-de,merlin-de,2,1.7047652006149292
merlin-de,merlin-de,1,1.4239435195922852
merlin-de,merlin-de,2,1.9098961353302002
merlin-de,merlin-de,2,1.749981164932251
merlin-de,merlin-de,0,0.8845114707946777
merlin-de,merlin-de,1,1.0388422012329102
merlin-de,merlin-de,1,1.3994308710098267
merlin-de,merlin-de,2,1.2278584241867065
merlin-de,merlin-de,2,1.2514203786849976
merlin-de,merlin-de,2,1.070191502571106
merlin-de,merlin-de,2,1.5225906372070312
merlin-de,merlin-de,2,1.7150959968566895
merlin-de,merlin-de,2,1.191085696220398
merlin-de,merlin-de,1,1.4276081323623657
merlin-de,merlin-de,2,1.8342561721801758
merlin-de,merlin-de,1,1.1838538646697998
merlin-de,merlin-de,1,1.8942272663116455
merlin-de,merlin-de,2,1.4651235342025757
merlin-de,merlin-de,1,1.9020525217056274
merlin-de,merlin-de,2,1.6538071632385254
merlin-de,merlin-de,2,1.7672338485717773
merlin-de,merlin-de,1,1.6053054332733154
merlin-de,merlin-de,1,1.5497876405715942
merlin-de,merlin-de,1,1.4845257997512817
merlin-de,merlin-de,2,1.4114139080047607
merlin-de,merlin-de,2,1.2646015882492065
merlin-de,merlin-de,1,1.3319765329360962
merlin-de,merlin-de,3,1.8089617490768433
cefr-asag,cefr-asag,1,0.8463886380195618
cefr-asag,cefr-asag,0,0.40358787775039673
cefr-asag,cefr-asag,0,0.071189746260643
cefr-asag,cefr-asag,1,0.25268393754959106
cefr-asag,cefr-asag,1,0.8853129148483276
cefr-asag,cefr-asag,0,0.5706697106361389
cefr-asag,cefr-asag,1,0.583550751209259
cefr-asag,cefr-asag,1,0.7133463025093079
cefr-asag,cefr-asag,0,0.6916530132293701
cefr-asag,cefr-asag,1,1.0099635124206543
cefr-asag,cefr-asag,1,1.2042770385742188
cefr-asag,cefr-asag,2,1.293297290802002
cefr-asag,cefr-asag,1,0.9706558585166931
cefr-asag,cefr-asag,1,0.7530879378318787
cefr-asag,cefr-asag,1,1.5674604177474976
cefr-asag,cefr-asag,1,0.5475003123283386
cefr-asag,cefr-asag,1,0.7135098576545715
cefr-asag,cefr-asag,2,1.146757960319519
cefr-asag,cefr-asag,2,0.4635850489139557
cefr-asag,cefr-asag,2,1.670188069343567
cefr-asag,cefr-asag,2,0.9255387187004089
cefr-asag,cefr-asag,2,0.3585328161716461
cefr-asag,cefr-asag,1,1.1134074926376343
cefr-asag,cefr-asag,1,1.1613361835479736
cefr-asag,cefr-asag,2,1.2326041460037231
cefr-asag,cefr-asag,2,1.0954934358596802
cefr-asag,cefr-asag,1,1.0500102043151855
cefr-asag,cefr-asag,2,1.3904825448989868
cefr-asag,cefr-asag,1,1.3559359312057495
cefr-asag,cefr-asag,2,0.071189746260643
cefr-asag,cefr-asag,2,0.4314333200454712
cefr-asag,cefr-asag,2,1.539791226387024
cefr-asag,cefr-asag,1,0.8821365833282471
cefr-asag,cefr-asag,1,1.2721617221832275
cefr-asag,cefr-asag,2,1.3084933757781982
cefr-asag,cefr-asag,2,0.3585328161716461
cefr-asag,cefr-asag,2,0.071189746260643
cefr-asag,cefr-asag,2,1.2634036540985107
cefr-asag,cefr-asag,0,0.4454135596752167
cefr-asag,cefr-asag,1,0.9105783104896545
cefr-asag,cefr-asag,1,0.35467636585235596
cefr-asag,cefr-asag,2,0.30052340030670166
cefr-asag,cefr-asag,2,1.2066712379455566
cefr-asag,cefr-asag,1,1.3220365047454834
cefr-asag,cefr-asag,1,0.1628192812204361
cefr-asag,cefr-asag,1,0.8623794913291931
cefr-asag,cefr-asag,2,1.998211145401001
cefr-asag,cefr-asag,2,0.2942703664302826
cefr-asag,cefr-asag,2,0.3829684853553772
cefr-asag,cefr-asag,2,1.1806161403656006
cefr-asag,cefr-asag,2,1.0857503414154053
cefr-asag,cefr-asag,2,1.4964420795440674
cefr-asag,cefr-asag,1,1.1303157806396484
cefr-asag,cefr-asag,1,1.403535008430481
cefr-asag,cefr-asag,2,0.2807029187679291
cefr-asag,cefr-asag,2,1.1918095350265503
cefr-asag,cefr-asag,2,0.35467636585235596
cefr-asag,cefr-asag,2,1.1229310035705566
cefr-asag,cefr-asag,3,0.26980406045913696
cefr-asag,cefr-asag,2,1.6519863605499268
cefr-asag,cefr-asag,2,1.7575440406799316
cefr-asag,cefr-asag,2,1.175709843635559
cefr-asag,cefr-asag,2,1.7523506879806519
cefr-asag,cefr-asag,2,1.7581061124801636
cefr-asag,cefr-asag,1,0.45972752571105957
cefr-asag,cefr-asag,2,0.2721034288406372
cefr-asag,cefr-asag,2,1.6666513681411743
cefr-asag,cefr-asag,4,1.7775461673736572
cefr-asag,cefr-asag,3,1.7703628540039062
cefr-asag,cefr-asag,2,2.013396978378296
cefr-asag,cefr-asag,2,2.0391743183135986
cefr-asag,cefr-asag,2,1.421573281288147
cefr-asag,cefr-asag,2,1.2982150316238403
cefr-asag,cefr-asag,2,0.6507931351661682
cefr-asag,cefr-asag,2,0.5538005232810974
cefr-asag,cefr-asag,3,1.1327238082885742
cefr-asag,cefr-asag,3,1.9065706729888916
cefr-asag,cefr-asag,3,1.1863539218902588
cefr-asag,cefr-asag,4,1.006341814994812
cefr-asag,cefr-asag,2,0.3606331944465637
cefr-asag,cefr-asag,2,0.45972752571105957
cefr-asag,cefr-asag,2,0.5191296339035034
cefr-asag,cefr-asag,2,2.305162191390991
cefr-asag,cefr-asag,2,1.2394204139709473
cefr-asag,cefr-asag,3,1.488969326019287
cefr-asag,cefr-asag,3,0.9778862595558167
cefr-asag,cefr-asag,2,1.827645182609558
cefr-asag,cefr-asag,2,1.250896692276001
cefr-asag,cefr-asag,2,0.5637007355690002
cefr-asag,cefr-asag,2,0.24571163952350616
cefr-asag,cefr-asag,2,2.3309214115142822
cefr-asag,cefr-asag,3,1.0974514484405518
cefr-asag,cefr-asag,3,1.3498715162277222
cefr-asag,cefr-asag,3,0.2807029187679291
cefr-asag,cefr-asag,3,1.1007640361785889
cefr-asag,cefr-asag,2,0.95986008644104
cefr-asag,cefr-asag,2,0.42859089374542236
cefr-asag,cefr-asag,3,0.5203081369400024
cefr-asag,cefr-asag,2,2.5129966735839844
cefr-asag,cefr-asag,2,0.8397925496101379
cefr-asag,cefr-asag,2,0.7539172172546387
cefr-asag,cefr-asag,2,1.4150872230529785
cefr-asag,cefr-asag,2,0.5858885049819946
cefr-asag,cefr-asag,3,1.6471023559570312
cefr-asag,cefr-asag,2,1.8709489107131958
cefr-asag,cefr-asag,2,1.2943689823150635
cefr-asag,cefr-asag,3,1.5859662294387817
cefr-asag,cefr-asag,3,1.0761638879776
cefr-asag,cefr-asag,4,0.7558692693710327
cefr-asag,cefr-asag,4,1.190934419631958
cefr-asag,cefr-asag,2,0.509696364402771
cefr-asag,cefr-asag,4,0.9778862595558167
cefr-asag,cefr-asag,3,0.5830695033073425
cefr-asag,cefr-asag,3,1.7309175729751587
cefr-asag,cefr-asag,2,0.2942703664302826
cefr-asag,cefr-asag,3,0.9066042900085449
cefr-asag,cefr-asag,3,1.1682090759277344
cefr-asag,cefr-asag,3,0.13905489444732666
cefr-asag,cefr-asag,3,1.1414618492126465
cefr-asag,cefr-asag,3,1.7511175870895386
cefr-asag,cefr-asag,3,1.0735995769500732
cefr-asag,cefr-asag,2,1.235579013824463
cefr-asag,cefr-asag,3,0.8789079785346985
cefr-asag,cefr-asag,3,0.7343444228172302
cefr-asag,cefr-asag,4,0.9130178093910217
cefr-asag,cefr-asag,4,0.8447906970977783
cefr-asag,cefr-asag,2,0.9387438297271729
cefr-asag,cefr-asag,2,1.093719720840454
cefr-asag,cefr-asag,4,0.864250898361206
cefr-asag,cefr-asag,3,1.4227629899978638
cefr-asag,cefr-asag,2,0.6596795916557312
cefr-asag,cefr-asag,4,1.2560997009277344
cefr-asag,cefr-asag,3,0.25268393754959106
cefr-asag,cefr-asag,3,1.3244898319244385
cefr-asag,cefr-asag,4,0.9658564329147339
cefr-asag,cefr-asag,4,1.1094274520874023
cefr-asag,cefr-asag,3,0.5964975953102112
cefr-asag,cefr-asag,2,2.0595602989196777
cefr-asag,cefr-asag,3,0.5425975918769836
cefr-asag,cefr-asag,3,0.6366495490074158
cefr-asag,cefr-asag,3,0.7164231538772583
cefr-asag,cefr-asag,4,0.9778816103935242
cefr-asag,cefr-asag,3,0.7446542978286743
cefr-asag,cefr-asag,4,0.8820418119430542
cefr-asag,cefr-asag,2,0.47725430130958557
cefr-asag,cefr-asag,3,1.0748991966247559
cefr-asag,cefr-asag,3,0.6684216856956482
cefr-asag,cefr-asag,3,2.588920831680298
cefr-asag,cefr-asag,3,0.43695005774497986
cefr-asag,cefr-asag,4,0.4314333200454712
cefr-asag,cefr-asag,4,0.4314333200454712
cefr-asag,cefr-asag,4,1.1544208526611328
cefr-asag,cefr-asag,3,0.925998330116272
cefr-asag,cefr-asag,3,0.4314333200454712
cefr-asag,cefr-asag,1,1.4544570446014404
cefr-asag,cefr-asag,2,1.894412875175476
cefr-asag,cefr-asag,1,0.827850878238678
cefr-asag,cefr-asag,1,2.1370623111724854
cefr-asag,cefr-asag,0,1.0852315425872803
cefr-asag,cefr-asag,1,0.8224900960922241
cefr-asag,cefr-asag,1,0.8400776982307434
cefr-asag,cefr-asag,0,1.0382027626037598
cefr-asag,cefr-asag,1,1.0675292015075684
cefr-asag,cefr-asag,0,0.8199164271354675
cefr-asag,cefr-asag,1,0.9080162048339844
cefr-asag,cefr-asag,0,0.7931798100471497
cefr-asag,cefr-asag,0,0.7180386781692505
cefr-asag,cefr-asag,1,1.018599510192871
cefr-asag,cefr-asag,0,0.6658521294593811
cefr-asag,cefr-asag,0,0.48693445324897766
cefr-asag,cefr-asag,1,0.8598588705062866
cefr-asag,cefr-asag,0,0.726272702217102
cefr-asag,cefr-asag,2,1.6999804973602295
cefr-asag,cefr-asag,1,0.8824947476387024
cefr-asag,cefr-asag,0,0.9573100209236145
cefr-asag,cefr-asag,0,1.197141170501709
cefr-asag,cefr-asag,0,0.6941171288490295
cefr-asag,cefr-asag,0,0.5530111789703369
cefr-asag,cefr-asag,3,1.8870867490768433
cefr-asag,cefr-asag,1,1.40760338306427
cefr-asag,cefr-asag,1,1.07492995262146
cefr-asag,cefr-asag,2,1.4157273769378662
cefr-asag,cefr-asag,2,1.2521017789840698
cefr-asag,cefr-asag,2,1.3499335050582886
cefr-asag,cefr-asag,0,1.4190139770507812
cefr-asag,cefr-asag,1,1.0748920440673828
cefr-asag,cefr-asag,1,1.790129542350769
cefr-asag,cefr-asag,1,1.083372712135315
cefr-asag,cefr-asag,2,1.8344708681106567
cefr-asag,cefr-asag,2,1.733438491821289
cefr-asag,cefr-asag,1,1.5203975439071655
cefr-asag,cefr-asag,2,1.2209737300872803
cefr-asag,cefr-asag,2,1.1458467245101929
cefr-asag,cefr-asag,2,1.205756425857544
cefr-asag,cefr-asag,1,1.1884241104125977
cefr-asag,cefr-asag,2,1.4839726686477661
cefr-asag,cefr-asag,1,1.5961558818817139
cefr-asag,cefr-asag,1,1.313106894493103
cefr-asag,cefr-asag,1,1.17622971534729
cefr-asag,cefr-asag,1,1.1276174783706665
cefr-asag,cefr-asag,1,1.2475965023040771
cefr-asag,cefr-asag,1,0.8633310198783875
cefr-asag,cefr-asag,1,1.2703680992126465
cefr-asag,cefr-asag,2,1.306696891784668
cefr-asag,cefr-asag,1,1.3484889268875122
cefr-asag,cefr-asag,1,2.2518420219421387
cefr-asag,cefr-asag,2,2.7267324924468994
cefr-asag,cefr-asag,1,1.6006965637207031
cefr-asag,cefr-asag,1,1.228363275527954
cefr-asag,cefr-asag,4,1.2027229070663452
cefr-asag,cefr-asag,2,1.5796107053756714
cefr-asag,cefr-asag,1,1.706309199333191
cefr-asag,cefr-asag,1,1.701888084411621
cefr-asag,cefr-asag,2,0.9093841910362244
cefr-asag,cefr-asag,2,0.30949369072914124
cefr-asag,cefr-asag,2,1.222415566444397
cefr-asag,cefr-asag,1,0.42531147599220276
cefr-asag,cefr-asag,2,0.9436684846878052
cefr-asag,cefr-asag,2,1.1165566444396973
cefr-asag,cefr-asag,2,0.48739272356033325
cefr-asag,cefr-asag,2,1.4849439859390259
cefr-asag,cefr-asag,2,1.3540066480636597
cefr-asag,cefr-asag,2,0.9903287291526794
cefr-asag,cefr-asag,4,0.6776071190834045
cefr-asag,cefr-asag,3,2.3283884525299072
cefr-asag,cefr-asag,2,1.135257363319397
cefr-asag,cefr-asag,2,0.071189746260643
cefr-asag,cefr-asag,1,0.2640492916107178
cefr-asag,cefr-asag,2,0.3254171311855316
cefr-asag,cefr-asag,3,2.129055976867676
cefr-asag,cefr-asag,2,1.8045178651809692
cefr-asag,cefr-asag,2,0.4390537142753601
cefr-asag,cefr-asag,1,0.2942703664302826
cefr-asag,cefr-asag,2,0.46589693427085876
cefr-asag,cefr-asag,2,0.33068209886550903
cefr-asag,cefr-asag,4,0.2852191925048828
cefr-asag,cefr-asag,2,0.7596004009246826
cefr-asag,cefr-asag,3,0.976395845413208
cefr-asag,cefr-asag,3,2.412543773651123
cefr-asag,cefr-asag,3,0.855968177318573
cefr-asag,cefr-asag,3,0.2692978084087372
cefr-asag,cefr-asag,2,0.7969252467155457
cefr-asag,cefr-asag,2,0.49136123061180115
cefr-asag,cefr-asag,3,2.0122227668762207
cefr-asag,cefr-asag,3,1.8207145929336548
cefr-asag,cefr-asag,2,0.4819824993610382
cefr-asag,cefr-asag,3,0.588424801826477
cefr-asag,cefr-asag,2,1.6759310960769653
cefr-asag,cefr-asag,4,0.6898443102836609
cefr-asag,cefr-asag,3,0.2692978084087372
cefr-asag,cefr-asag,3,2.7647385597229004
cefr-asag,cefr-asag,2,0.712292492389679
cefr-asag,cefr-asag,3,0.4661965072154999
cefr-asag,cefr-asag,2,1.8779597282409668
cefr-asag,cefr-asag,3,1.539671540260315
cefr-asag,cefr-asag,3,0.4550877809524536
cefr-asag,cefr-asag,2,1.4873589277267456
cefr-asag,cefr-asag,3,2.0058929920196533
cefr-asag,cefr-asag,2,2.1583521366119385
cefr-asag,cefr-asag,2,0.5090504288673401
cefr-asag,cefr-asag,2,0.6048374772071838
cefr-asag,cefr-asag,3,0.29886141419410706
cefr-asag,cefr-asag,3,0.9327383041381836
cefr-asag,cefr-asag,2,1.5243624448776245
cefr-asag,cefr-asag,3,0.7208810448646545
cefr-asag,cefr-asag,3,2.073800802230835
cefr-asag,cefr-asag,3,2.7028486728668213
cefr-asag,cefr-asag,3,0.3361207842826843
cefr-asag,cefr-asag,4,2.26163387298584
cefr-asag,cefr-asag,2,0.29793423414230347
cefr-asag,cefr-asag,2,2.33847713470459
cefr-asag,cefr-asag,3,0.9328464865684509
cefr-asag,cefr-asag,4,2.3298516273498535
cefr-asag,cefr-asag,4,1.1552965641021729
cefr-asag,cefr-asag,4,1.0815157890319824
cefr-asag,cefr-asag,3,0.3918948769569397
cefr-asag,cefr-asag,3,2.6141035556793213
cefr-asag,cefr-asag,4,2.2781851291656494
cefr-asag,cefr-asag,3,0.8959645628929138
cefr-asag,cefr-asag,3,0.9751979112625122
cefr-asag,cefr-asag,3,0.9044565558433533
cefr-asag,cefr-asag,3,0.8320086002349854
cefr-asag,cefr-asag,4,0.36577779054641724
cefr-asag,cefr-asag,2,1.0746419429779053
cefr-asag,cefr-asag,3,1.113605260848999
cefr-asag,cefr-asag,4,2.2718467712402344
cefr-asag,cefr-asag,4,1.2109529972076416
cefr-asag,cefr-asag,4,1.8286595344543457
cefr-asag,cefr-asag,4,2.0855562686920166
cefr-asag,cefr-asag,3,2.609647512435913
cefr-asag,cefr-asag,4,1.1126277446746826
cefr-asag,cefr-asag,3,0.4961872398853302
cefr-asag,cefr-asag,3,1.493790864944458
cefr-asag,cefr-asag,4,0.7497806549072266
cefr-asag,cefr-asag,4,1.67731773853302
cefr-asag,cefr-asag,4,1.564243197441101
cefr-asag,cefr-asag,4,2.0715174674987793
cefr-asag,cefr-asag,3,0.6587053537368774
cefr-asag,cefr-asag,3,2.5681796073913574
cople2,cople2,0,1.8382617235183716
cople2,cople2,0,2.0370097160339355
cople2,cople2,0,2.27882981300354
cople2,cople2,0,1.7165329456329346
cople2,cople2,0,1.7962493896484375
cople2,cople2,0,1.5536351203918457
cople2,cople2,0,2.3774712085723877
cople2,cople2,0,1.9974219799041748
cople2,cople2,0,1.3664695024490356
cople2,cople2,0,1.7429919242858887
cople2,cople2,0,1.9862722158432007
cople2,cople2,0,1.8195347785949707
cople2,cople2,0,2.2599453926086426
cople2,cople2,0,1.9820802211761475
cople2,cople2,0,1.7999656200408936
cople2,cople2,0,1.386322021484375
cople2,cople2,0,1.7945653200149536
cople2,cople2,0,1.4989683628082275
cople2,cople2,0,0.6854959726333618
cople2,cople2,0,1.6364731788635254
cople2,cople2,0,1.569111943244934
cople2,cople2,0,2.4269590377807617
cople2,cople2,2,1.2947810888290405
cople2,cople2,2,1.6184388399124146
cople2,cople2,2,1.4734076261520386
cople2,cople2,2,1.6108261346817017
cople2,cople2,2,1.7839051485061646
cople2,cople2,2,1.439730167388916
cople2,cople2,2,1.4638841152191162
cople2,cople2,2,1.74312162399292
cople2,cople2,2,1.498711347579956
cople2,cople2,2,1.7316479682922363
cople2,cople2,2,1.8414210081100464
cople2,cople2,2,2.2639410495758057
cople2,cople2,2,2.1662464141845703
cople2,cople2,2,1.6241551637649536
cople2,cople2,2,2.265073299407959
cople2,cople2,2,1.595434308052063
cople2,cople2,2,1.9548062086105347
cople2,cople2,2,2.2869343757629395
cople2,cople2,2,2.4306833744049072
cople2,cople2,2,2.603137731552124
cople2,cople2,2,2.2555134296417236
cople2,cople2,2,2.0083088874816895
cople2,cople2,2,1.7273801565170288
cople2,cople2,2,1.9653912782669067
cople2,cople2,2,2.0563817024230957
cople2,cople2,0,1.5635764598846436
cople2,cople2,0,1.4073468446731567
cople2,cople2,0,1.791312336921692
cople2,cople2,0,1.3478038311004639
cople2,cople2,0,1.0884665250778198
cople2,cople2,0,1.0896846055984497
cople2,cople2,0,1.1768138408660889
cople2,cople2,0,1.7893719673156738
cople2,cople2,0,1.1526232957839966
cople2,cople2,0,2.019217014312744
cople2,cople2,0,1.5361140966415405
cople2,cople2,0,2.07771635055542
cople2,cople2,0,1.3597769737243652
cople2,cople2,0,1.7136569023132324
cople2,cople2,0,2.3283538818359375
cople2,cople2,0,1.1936930418014526
cople2,cople2,0,1.2723238468170166
cople2,cople2,0,2.2098233699798584
cople2,cople2,0,1.621159315109253
cople2,cople2,0,2.0011608600616455
cople2,cople2,0,1.4298591613769531
cople2,cople2,0,1.3830894231796265
cople2,cople2,0,0.6120923757553101
cople2,cople2,0,1.5882134437561035
cople2,cople2,0,1.2842035293579102
cople2,cople2,0,1.2421141862869263
cople2,cople2,0,1.7922120094299316
cople2,cople2,0,1.1474777460098267
cople2,cople2,0,1.647246241569519
cople2,cople2,2,2.0520083904266357
cople2,cople2,2,2.7269740104675293
cople2,cople2,2,1.7537447214126587
cople2,cople2,2,2.5868985652923584
cople2,cople2,2,1.1181796789169312
cople2,cople2,2,2.126569986343384
cople2,cople2,2,1.5645495653152466
cople2,cople2,2,1.524632215499878
cople2,cople2,2,2.269683361053467
cople2,cople2,2,2.134885549545288
cople2,cople2,2,2.2543914318084717
cople2,cople2,2,1.0916615724563599
cople2,cople2,2,1.8674204349517822
cople2,cople2,2,2.647756338119507
cople2,cople2,2,1.7399100065231323
cople2,cople2,2,1.1603564023971558
cople2,cople2,2,2.4830665588378906
cople2,cople2,2,2.377803325653076
cople2,cople2,2,2.1214470863342285
cople2,cople2,2,2.3796498775482178
cople2,cople2,2,1.9203304052352905
cople2,cople2,2,2.1904919147491455
cople2,cople2,2,2.2652556896209717
cople2,cople2,2,1.7680619955062866
cople2,cople2,2,1.6076420545578003
cople2,cople2,2,1.4503288269042969
cople2,cople2,2,1.198888897895813
cople2,cople2,2,1.5838980674743652
cople2,cople2,0,1.1925780773162842
cople2,cople2,0,1.537807822227478
cople2,cople2,0,1.6776148080825806
cople2,cople2,0,1.85785710811615
cople2,cople2,0,1.6624295711517334
cople2,cople2,0,1.8939744234085083
cople2,cople2,0,1.6190472841262817
cople2,cople2,0,1.3381783962249756
cople2,cople2,0,2.54455828666687
cople2,cople2,0,1.8807145357131958
cople2,cople2,0,1.6275763511657715
cople2,cople2,0,1.902574062347412
cople2,cople2,0,1.604572057723999
cople2,cople2,0,1.8849310874938965
cople2,cople2,0,2.262578010559082
cople2,cople2,0,1.8307641744613647
cople2,cople2,0,1.8426204919815063
cople2,cople2,0,1.6024363040924072
cople2,cople2,0,1.0729846954345703
cople2,cople2,0,1.528864860534668
cople2,cople2,0,1.9112321138381958
cople2,cople2,0,2.3228180408477783
cople2,cople2,0,1.842543601989746
cople2,cople2,0,0.5455383658409119
cople2,cople2,2,1.9678895473480225
cople2,cople2,2,2.5686347484588623
cople2,cople2,2,2.9883339405059814
cople2,cople2,2,2.3316457271575928
cople2,cople2,2,1.8037766218185425
cople2,cople2,2,1.2368080615997314
cople2,cople2,2,2.538430690765381
cople2,cople2,2,1.7918592691421509
cople2,cople2,2,1.845613956451416
cople2,cople2,2,2.6860132217407227
cople2,cople2,2,2.8520586490631104
cople2,cople2,2,2.78841495513916
cople2,cople2,2,2.7368242740631104
cople2,cople2,2,2.6855976581573486
cople2,cople2,2,1.9044731855392456
cople2,cople2,2,1.6896696090698242
cople2,cople2,2,2.3276665210723877
cople2,cople2,2,2.2309610843658447
cople2,cople2,0,2.309307098388672
cople2,cople2,0,2.278761148452759
cople2,cople2,0,1.2261278629302979
cople2,cople2,0,1.1312236785888672
cople2,cople2,0,1.5591962337493896
cople2,cople2,0,2.5993590354919434
cople2,cople2,0,1.671614170074463
cople2,cople2,0,1.7573150396347046
cople2,cople2,0,2.496117115020752
cople2,cople2,0,1.7337300777435303
cople2,cople2,0,1.5408648252487183
cople2,cople2,0,2.034658908843994
cople2,cople2,0,1.6252671480178833
cople2,cople2,0,1.3292664289474487
cople2,cople2,0,1.9779210090637207
cople2,cople2,0,1.1930124759674072
cople2,cople2,0,1.5352482795715332
cople2,cople2,0,1.1395288705825806
cople2,cople2,0,2.493124485015869
cople2,cople2,0,1.9901612997055054
cople2,cople2,0,1.2342671155929565
cople2,cople2,0,1.4711352586746216
cople2,cople2,0,1.3679261207580566
cople2,cople2,0,1.2816998958587646
cople2,cople2,0,1.2981271743774414
cople2,cople2,0,1.2192494869232178
cople2,cople2,0,1.131532907485962
cople2,cople2,0,1.929002285003662
cople2,cople2,0,1.352066159248352
cople2,cople2,0,2.218827962875366
cople2,cople2,0,1.6266746520996094
cople2,cople2,0,1.0617601871490479
cople2,cople2,0,1.5349316596984863
cople2,cople2,0,1.525925636291504
cople2,cople2,0,2.1993300914764404
cople2,cople2,0,1.3332890272140503
cople2,cople2,0,1.9891650676727295
cople2,cople2,0,1.2680720090866089
cople2,cople2,0,1.1374298334121704
cople2,cople2,0,1.5793111324310303
cople2,cople2,0,1.754323124885559
cople2,cople2,0,1.4022183418273926
cople2,cople2,0,1.420880675315857
cople2,cople2,0,1.202711820602417
cople2,cople2,0,1.9359383583068848
cople2,cople2,0,1.6927458047866821
cople2,cople2,0,1.2196670770645142
cople2,cople2,0,0.697856068611145
cople2,cople2,0,0.8219839334487915
cople2,cople2,2,1.4416974782943726
cople2,cople2,2,1.3451951742172241
cople2,cople2,2,1.8472461700439453
cople2,cople2,2,1.5756608247756958
cople2,cople2,2,1.8947460651397705
cople2,cople2,2,2.007927894592285
cople2,cople2,2,1.9906212091445923
cople2,cople2,2,1.5822988748550415
cople2,cople2,2,2.277754783630371
cople2,cople2,2,1.5801976919174194
cople2,cople2,2,1.1784608364105225
cople2,cople2,2,1.711024284362793
cople2,cople2,2,1.1396256685256958
cople2,cople2,2,1.5345326662063599
cople2,cople2,2,2.8014001846313477
cople2,cople2,2,1.155963659286499
cople2,cople2,2,2.1385397911071777
cople2,cople2,2,2.0666966438293457
cople2,cople2,2,2.7070658206939697
cople2,cople2,2,2.411917209625244
cople2,cople2,2,1.865464687347412
cople2,cople2,2,1.6851723194122314
cople2,cople2,2,1.3322160243988037
cople2,cople2,2,1.5645086765289307
cople2,cople2,2,1.8343788385391235
cople2,cople2,2,1.6239728927612305
cople2,cople2,2,0.5947861671447754
cople2,cople2,2,1.1448472738265991
cople2,cople2,2,1.329633355140686
cople2,cople2,2,0.7038869857788086
cople2,cople2,2,1.601999044418335
cople2,cople2,2,2.6436312198638916
cople2,cople2,0,1.8947709798812866
cople2,cople2,0,0.8510008454322815
cople2,cople2,0,1.956579327583313
cople2,cople2,0,1.2675443887710571
cople2,cople2,0,1.1420115232467651
cople2,cople2,0,1.401908040046692
cople2,cople2,0,1.3854596614837646
cople2,cople2,0,1.3157211542129517
cople2,cople2,0,1.182822585105896
cople2,cople2,0,1.3035216331481934
cople2,cople2,0,2.3815994262695312
cople2,cople2,0,1.9204374551773071
cople2,cople2,0,2.4211533069610596
cople2,cople2,0,1.899857759475708
cople2,cople2,0,1.6196027994155884
cople2,cople2,0,1.9165703058242798
cople2,cople2,0,2.6897778511047363
cople2,cople2,2,2.534147024154663
cople2,cople2,2,2.379561424255371
cople2,cople2,2,1.6019501686096191
cople2,cople2,2,1.5434995889663696
cople2,cople2,2,1.7999709844589233
cople2,cople2,2,2.307671308517456
cople2,cople2,2,1.9560580253601074
cople2,cople2,2,2.107030153274536
cople2,cople2,2,1.312097430229187
cople2,cople2,2,2.428847551345825
cople2,cople2,2,2.11730694770813
cople2,cople2,2,1.3905137777328491
cople2,cople2,2,2.23580002784729
cople2,cople2,2,1.7730754613876343
cople2,cople2,2,3.091191530227661
cople2,cople2,2,1.5247840881347656
cople2,cople2,2,2.347846269607544
cople2,cople2,2,2.06241774559021
cople2,cople2,2,1.6678553819656372
cople2,cople2,2,2.397367477416992
cople2,cople2,2,2.812346935272217
cople2,cople2,2,2.6624364852905273
cople2,cople2,2,2.6057116985321045
cople2,cople2,2,2.0785727500915527
cople2,cople2,2,2.1014328002929688
cople2,cople2,2,2.1843512058258057
cople2,cople2,2,2.544215202331543
cople2,cople2,2,2.5343191623687744
cople2,cople2,2,2.5080771446228027
cople2,cople2,2,2.4068470001220703
cople2,cople2,2,3.267432451248169
cople2,cople2,2,1.8785873651504517
cople2,cople2,2,1.0688273906707764
cople2,cople2,2,1.8843293190002441
cople2,cople2,0,2.096320152282715
cople2,cople2,0,1.1298673152923584
cople2,cople2,0,1.362978458404541
cople2,cople2,0,1.1021668910980225
cople2,cople2,0,0.8526812791824341
cople2,cople2,0,1.072933554649353
cople2,cople2,0,1.5449579954147339
cople2,cople2,0,0.9322071075439453
cople2,cople2,0,0.750249445438385
cople2,cople2,0,1.0467053651809692
cople2,cople2,0,0.7362039089202881
cople2,cople2,0,1.754173755645752
cople2,cople2,0,0.6545722484588623
cople2,cople2,0,0.7313223481178284
cople2,cople2,0,0.7717869877815247
cople2,cople2,0,0.5611880421638489
cople2,cople2,0,0.8469821214675903
cople2,cople2,0,0.758297324180603
cople2,cople2,0,0.9863271713256836
cople2,cople2,0,1.1471428871154785
cople2,cople2,0,1.2786474227905273
cople2,cople2,0,0.9311869144439697
cople2,cople2,0,0.4714145362377167
cople2,cople2,0,0.5922918915748596
cople2,cople2,4,1.6013484001159668
cople2,cople2,4,1.6687860488891602
cople2,cople2,4,1.597328782081604
cople2,cople2,4,1.3379911184310913
cople2,cople2,4,1.9526782035827637
cople2,cople2,4,1.3476436138153076
cople2,cople2,4,1.0909888744354248
cople2,cople2,4,1.5054092407226562
cople2,cople2,4,2.376319646835327
cople2,cople2,4,1.7907214164733887
cople2,cople2,4,1.1766247749328613
cople2,cople2,4,1.5766119956970215
cople2,cople2,4,1.5916483402252197
cople2,cople2,4,1.6959327459335327
cople2,cople2,4,1.1946823596954346
cople2,cople2,4,1.8474701642990112
cople2,cople2,4,1.8202950954437256
cople2,cople2,4,1.354024052619934
cople2,cople2,4,1.0969622135162354
cople2,cople2,4,0.9763820171356201
cople2,cople2,4,1.0470631122589111
cople2,cople2,4,1.6495046615600586
cople2,cople2,4,1.7320334911346436
cople2,cople2,4,1.6951605081558228
cople2,cople2,4,1.4101141691207886
cople2,cople2,4,1.712944746017456
cople2,cople2,4,1.108063817024231
cople2,cople2,4,1.595951795578003
cople2,cople2,4,1.6991326808929443
cople2,cople2,4,1.6361626386642456
cople2,cople2,4,1.3015635013580322
cople2,cople2,4,1.4754785299301147
cople2,cople2,4,1.3931013345718384
cople2,cople2,4,1.2385201454162598
cople2,cople2,4,1.0255918502807617
cople2,cople2,2,2.5220978260040283
cople2,cople2,2,1.213826060295105
cople2,cople2,2,1.2490681409835815
cople2,cople2,2,3.1106173992156982
cople2,cople2,2,2.073734760284424
cople2,cople2,2,2.4449691772460938
cople2,cople2,2,2.0519442558288574
cople2,cople2,2,2.0556254386901855
cople2,cople2,2,0.9994874000549316
cople2,cople2,2,1.6969373226165771
cople2,cople2,2,1.565590500831604
cople2,cople2,2,0.9827759861946106
cople2,cople2,4,1.7440468072891235
cople2,cople2,4,1.7934699058532715
cople2,cople2,4,2.8899991512298584
cople2,cople2,4,1.618320345878601
cople2,cople2,4,2.3611180782318115
cople2,cople2,4,1.5339947938919067
cople2,cople2,4,1.9865831136703491
cople2,cople2,4,1.577950119972229
cople2,cople2,4,0.83998042345047
cople2,cople2,4,2.5425126552581787
cople2,cople2,4,2.0736889839172363
cople2,cople2,4,2.491891622543335
cople2,cople2,0,1.3389805555343628
cople2,cople2,0,1.7668499946594238
cople2,cople2,0,1.1496399641036987
cople2,cople2,0,2.1549386978149414
cople2,cople2,0,1.6976622343063354
cople2,cople2,0,1.408130407333374
cople2,cople2,0,1.6462318897247314
cople2,cople2,0,1.2171064615249634
cople2,cople2,0,1.509652853012085
cople2,cople2,0,1.2383419275283813
cople2,cople2,0,1.4085769653320312
cople2,cople2,0,1.504892110824585
cople2,cople2,0,1.1153160333633423
cople2,cople2,0,0.9792987108230591
cople2,cople2,0,1.6408981084823608
cople2,cople2,2,1.0350117683410645
cople2,cople2,2,2.1716814041137695
cople2,cople2,2,2.1837966442108154
cople2,cople2,2,2.4945428371429443
cople2,cople2,2,1.6656981706619263
cople2,cople2,2,1.3346359729766846
cople2,cople2,2,2.6222755908966064
cople2,cople2,2,2.029979944229126
cople2,cople2,2,1.0101892948150635
cople2,cople2,2,1.4439162015914917
cople2,cople2,2,1.5231300592422485
cople2,cople2,2,1.4708157777786255
cople2,cople2,2,2.5127413272857666
cople2,cople2,2,1.8349413871765137
cople2,cople2,4,2.4238548278808594
cople2,cople2,4,2.710848331451416
cople2,cople2,4,2.4085047245025635
cople2,cople2,4,2.5440833568573
cople2,cople2,4,2.1778080463409424
cople2,cople2,4,2.704643726348877
cople2,cople2,4,2.8324975967407227
cople2,cople2,4,2.8058032989501953
cople2,cople2,4,2.488114833831787
cople2,cople2,4,2.4840612411499023
cople2,cople2,4,2.407954692840576
cople2,cople2,4,2.6104400157928467
cople2,cople2,4,2.4945709705352783
cople2,cople2,4,2.7456164360046387
cople2,cople2,4,2.8454666137695312
cople2,cople2,4,2.1396429538726807
cople2,cople2,0,2.0393221378326416
cople2,cople2,0,1.7602875232696533
cople2,cople2,0,1.7244724035263062
cople2,cople2,0,1.1811667680740356
cople2,cople2,0,1.579651117324829
cople2,cople2,0,1.2469263076782227
cople2,cople2,0,1.7156927585601807
cople2,cople2,0,1.5644923448562622
cople2,cople2,0,1.5744194984436035
cople2,cople2,0,1.1468513011932373
cople2,cople2,0,1.3095195293426514
cople2,cople2,0,1.8015730381011963
cople2,cople2,0,1.867724061012268
cople2,cople2,0,2.4387052059173584
cople2,cople2,0,1.764600157737732
cople2,cople2,0,1.6590179204940796
cople2,cople2,0,2.7612521648406982
cople2,cople2,0,2.004215717315674
cople2,cople2,0,1.497800588607788
cople2,cople2,0,2.128868579864502
cople2,cople2,0,1.392680048942566
cople2,cople2,0,0.5540310740470886
cople2,cople2,0,1.5611107349395752
cople2,cople2,0,1.9911882877349854
cople2,cople2,0,2.0153467655181885
cople2,cople2,0,1.3814057111740112
cople2,cople2,0,1.7084158658981323
cople2,cople2,0,1.0665991306304932
cople2,cople2,0,2.136929750442505
cople2,cople2,0,1.7950769662857056
cople2,cople2,0,1.95345139503479
cople2,cople2,0,1.9901773929595947
cople2,cople2,0,1.496903419494629
cople2,cople2,0,1.2153973579406738
cople2,cople2,0,2.2252252101898193
cople2,cople2,0,1.236350417137146
cople2,cople2,0,0.9815143942832947
cople2,cople2,0,1.5826728343963623
cople2,cople2,0,1.5892974138259888
cople2,cople2,0,1.2050954103469849
cople2,cople2,0,1.5321954488754272
cople2,cople2,0,2.227064609527588
cople2,cople2,0,1.2767589092254639
cople2,cople2,0,1.679024338722229
cople2,cople2,0,1.2938569784164429
cople2,cople2,0,2.012392520904541
cople2,cople2,0,1.0670393705368042
cople2,cople2,0,0.8356060981750488
cople2,cople2,0,0.9966471195220947
cople2,cople2,0,1.859892725944519
cople2,cople2,0,0.9090687036514282
cople2,cople2,0,2.306079626083374
cople2,cople2,0,1.4222465753555298
cople2,cople2,0,1.6107537746429443
cople2,cople2,0,1.7633235454559326
cople2,cople2,0,1.4375689029693604
cople2,cople2,4,2.2218241691589355
cople2,cople2,4,2.8766167163848877
cople2,cople2,4,2.495296001434326
cople2,cople2,4,1.7108197212219238
cople2,cople2,4,2.765955924987793
cople2,cople2,4,1.679002046585083
cople2,cople2,4,3.011026620864868
cople2,cople2,4,2.5776405334472656
cople2,cople2,4,3.4671051502227783
cople2,cople2,1,1.8382617235183716
cople2,cople2,1,2.0370097160339355
cople2,cople2,1,2.27882981300354
cople2,cople2,1,1.7165329456329346
cople2,cople2,1,1.7962493896484375
cople2,cople2,1,1.5536351203918457
cople2,cople2,1,2.3774712085723877
cople2,cople2,1,1.9974219799041748
cople2,cople2,1,1.3664695024490356
cople2,cople2,1,1.7429919242858887
cople2,cople2,1,1.9862722158432007
cople2,cople2,1,1.8195347785949707
cople2,cople2,1,2.2599453926086426
cople2,cople2,1,1.9820802211761475
cople2,cople2,1,1.7999656200408936
cople2,cople2,1,1.386322021484375
cople2,cople2,1,1.7945653200149536
cople2,cople2,1,1.4989683628082275
cople2,cople2,1,0.6854959726333618
cople2,cople2,1,1.6364731788635254
cople2,cople2,1,1.569111943244934
cople2,cople2,1,2.4269590377807617
cople2,cople2,3,1.2947810888290405
cople2,cople2,3,1.6184388399124146
cople2,cople2,3,1.4734076261520386
cople2,cople2,3,1.6108261346817017
cople2,cople2,3,1.7839051485061646
cople2,cople2,3,1.439730167388916
cople2,cople2,3,1.4638841152191162
cople2,cople2,3,1.74312162399292
cople2,cople2,3,1.498711347579956
cople2,cople2,3,1.7316479682922363
cople2,cople2,3,1.8414210081100464
cople2,cople2,3,2.2639410495758057
cople2,cople2,3,2.1662464141845703
cople2,cople2,3,1.6241551637649536
cople2,cople2,3,2.265073299407959
cople2,cople2,3,1.595434308052063
cople2,cople2,3,1.9548062086105347
cople2,cople2,3,2.2869343757629395
cople2,cople2,3,2.4306833744049072
cople2,cople2,3,2.603137731552124
cople2,cople2,3,2.2555134296417236
cople2,cople2,3,2.0083088874816895
cople2,cople2,3,1.7273801565170288
cople2,cople2,3,1.9653912782669067
cople2,cople2,3,2.0563817024230957
cople2,cople2,1,1.5635764598846436
cople2,cople2,1,1.4073468446731567
cople2,cople2,1,1.791312336921692
cople2,cople2,1,1.3478038311004639
cople2,cople2,1,1.0884665250778198
cople2,cople2,1,1.0896846055984497
cople2,cople2,1,1.1768138408660889
cople2,cople2,1,1.7893719673156738
cople2,cople2,1,1.1526232957839966
cople2,cople2,1,2.019217014312744
cople2,cople2,1,1.5361140966415405
cople2,cople2,1,2.07771635055542
cople2,cople2,1,1.3597769737243652
cople2,cople2,1,1.7136569023132324
cople2,cople2,1,2.3283538818359375
cople2,cople2,1,1.1936930418014526
cople2,cople2,1,1.2723238468170166
cople2,cople2,1,2.2098233699798584
cople2,cople2,1,1.621159315109253
cople2,cople2,1,2.0011608600616455
cople2,cople2,1,1.4298591613769531
cople2,cople2,1,1.3830894231796265
cople2,cople2,1,0.6120923757553101
cople2,cople2,1,1.5882134437561035
cople2,cople2,1,1.2842035293579102
cople2,cople2,1,1.2421141862869263
cople2,cople2,1,1.7922120094299316
cople2,cople2,1,1.1474777460098267
cople2,cople2,1,1.647246241569519
cople2,cople2,3,2.0520083904266357
cople2,cople2,3,2.7269740104675293
cople2,cople2,3,1.7537447214126587
cople2,cople2,3,2.5868985652923584
cople2,cople2,3,1.1181796789169312
cople2,cople2,3,2.126569986343384
cople2,cople2,3,1.5645495653152466
cople2,cople2,3,1.524632215499878
cople2,cople2,3,2.269683361053467
cople2,cople2,3,2.134885549545288
cople2,cople2,3,2.2543914318084717
cople2,cople2,3,1.0916615724563599
cople2,cople2,3,1.8674204349517822
cople2,cople2,3,2.647756338119507
cople2,cople2,3,1.7399100065231323
cople2,cople2,3,1.1603564023971558
cople2,cople2,3,2.4830665588378906
cople2,cople2,3,2.377803325653076
cople2,cople2,3,2.1214470863342285
cople2,cople2,3,2.3796498775482178
cople2,cople2,3,1.9203304052352905
cople2,cople2,3,2.1904919147491455
cople2,cople2,3,2.2652556896209717
cople2,cople2,3,1.7680619955062866
cople2,cople2,3,1.6076420545578003
cople2,cople2,3,1.4503288269042969
cople2,cople2,3,1.198888897895813
cople2,cople2,3,1.5838980674743652
cople2,cople2,1,1.1925780773162842
cople2,cople2,1,1.537807822227478
cople2,cople2,1,1.6776148080825806
cople2,cople2,1,1.85785710811615
cople2,cople2,1,1.6624295711517334
cople2,cople2,1,1.8939744234085083
cople2,cople2,1,1.6190472841262817
cople2,cople2,1,1.3381783962249756
cople2,cople2,1,2.54455828666687
cople2,cople2,1,1.8807145357131958
cople2,cople2,1,1.6275763511657715
cople2,cople2,1,1.902574062347412
cople2,cople2,1,1.604572057723999
cople2,cople2,1,1.8849310874938965
cople2,cople2,1,2.262578010559082
cople2,cople2,1,1.8307641744613647
cople2,cople2,1,1.8426204919815063
cople2,cople2,1,1.6024363040924072
cople2,cople2,1,1.0729846954345703
cople2,cople2,1,1.528864860534668
cople2,cople2,1,1.9112321138381958
cople2,cople2,1,2.3228180408477783
cople2,cople2,1,1.842543601989746
cople2,cople2,1,0.5455383658409119
cople2,cople2,3,1.9678895473480225
cople2,cople2,3,2.5686347484588623
cople2,cople2,3,2.9883339405059814
cople2,cople2,3,2.3316457271575928
cople2,cople2,3,1.8037766218185425
cople2,cople2,3,1.2368080615997314
cople2,cople2,3,2.538430690765381
cople2,cople2,3,1.7918592691421509
cople2,cople2,3,1.845613956451416
cople2,cople2,3,2.6860132217407227
cople2,cople2,3,2.8520586490631104
cople2,cople2,3,2.78841495513916
cople2,cople2,3,2.7368242740631104
cople2,cople2,3,2.6855976581573486
cople2,cople2,3,1.9044731855392456
cople2,cople2,3,1.6896696090698242
cople2,cople2,3,2.3276665210723877
cople2,cople2,3,2.2309610843658447
cople2,cople2,1,2.309307098388672
cople2,cople2,1,2.278761148452759
cople2,cople2,1,1.2261278629302979
cople2,cople2,1,1.1312236785888672
cople2,cople2,1,1.5591962337493896
cople2,cople2,1,2.5993590354919434
cople2,cople2,1,1.671614170074463
cople2,cople2,1,1.7573150396347046
cople2,cople2,1,2.496117115020752
cople2,cople2,1,1.7337300777435303
cople2,cople2,1,1.5408648252487183
cople2,cople2,1,2.034658908843994
cople2,cople2,1,1.6252671480178833
cople2,cople2,1,1.3292664289474487
cople2,cople2,1,1.9779210090637207
cople2,cople2,1,1.1930124759674072
cople2,cople2,1,1.5352482795715332
cople2,cople2,1,1.1395288705825806
cople2,cople2,1,2.493124485015869
cople2,cople2,1,1.9901612997055054
cople2,cople2,1,1.2342671155929565
cople2,cople2,1,1.4711352586746216
cople2,cople2,1,1.3679261207580566
cople2,cople2,1,1.2816998958587646
cople2,cople2,1,1.2981271743774414
cople2,cople2,1,1.2192494869232178
cople2,cople2,1,1.131532907485962
cople2,cople2,1,1.929002285003662
cople2,cople2,1,1.352066159248352
cople2,cople2,1,2.218827962875366
cople2,cople2,1,1.6266746520996094
cople2,cople2,1,1.0617601871490479
cople2,cople2,1,1.5349316596984863
cople2,cople2,1,1.525925636291504
cople2,cople2,1,2.1993300914764404
cople2,cople2,1,1.3332890272140503
cople2,cople2,1,1.9891650676727295
cople2,cople2,1,1.2680720090866089
cople2,cople2,1,1.1374298334121704
cople2,cople2,1,1.5793111324310303
cople2,cople2,1,1.754323124885559
cople2,cople2,1,1.4022183418273926
cople2,cople2,1,1.420880675315857
cople2,cople2,1,1.202711820602417
cople2,cople2,1,1.9359383583068848
cople2,cople2,1,1.6927458047866821
cople2,cople2,1,1.2196670770645142
cople2,cople2,1,0.697856068611145
cople2,cople2,1,0.8219839334487915
cople2,cople2,3,1.4416974782943726
cople2,cople2,3,1.3451951742172241
cople2,cople2,3,1.8472461700439453
cople2,cople2,3,1.5756608247756958
cople2,cople2,3,1.8947460651397705
cople2,cople2,3,2.007927894592285
cople2,cople2,3,1.9906212091445923
cople2,cople2,3,1.5822988748550415
cople2,cople2,3,2.277754783630371
cople2,cople2,3,1.5801976919174194
cople2,cople2,3,1.1784608364105225
cople2,cople2,3,1.711024284362793
cople2,cople2,3,1.1396256685256958
cople2,cople2,3,1.5345326662063599
cople2,cople2,3,2.8014001846313477
cople2,cople2,3,1.155963659286499
cople2,cople2,3,2.1385397911071777
cople2,cople2,3,2.0666966438293457
cople2,cople2,3,2.7070658206939697
cople2,cople2,3,2.411917209625244
cople2,cople2,3,1.865464687347412
cople2,cople2,3,1.6851723194122314
cople2,cople2,3,1.3322160243988037
cople2,cople2,3,1.5645086765289307
cople2,cople2,3,1.8343788385391235
cople2,cople2,3,1.6239728927612305
cople2,cople2,3,0.5947861671447754
cople2,cople2,3,1.1448472738265991
cople2,cople2,3,1.329633355140686
cople2,cople2,3,0.7038869857788086
cople2,cople2,3,1.601999044418335
cople2,cople2,3,2.6436312198638916
cople2,cople2,1,1.8947709798812866
cople2,cople2,1,0.8510008454322815
cople2,cople2,1,1.956579327583313
cople2,cople2,1,1.2675443887710571
cople2,cople2,1,1.1420115232467651
cople2,cople2,1,1.401908040046692
cople2,cople2,1,1.3854596614837646
cople2,cople2,1,1.3157211542129517
cople2,cople2,1,1.182822585105896
cople2,cople2,1,1.3035216331481934
cople2,cople2,1,2.3815994262695312
cople2,cople2,1,1.9204374551773071
cople2,cople2,1,2.4211533069610596
cople2,cople2,1,1.899857759475708
cople2,cople2,1,1.6196027994155884
cople2,cople2,1,1.9165703058242798
cople2,cople2,1,2.6897778511047363
cople2,cople2,3,2.534147024154663
cople2,cople2,3,2.379561424255371
cople2,cople2,3,1.6019501686096191
cople2,cople2,3,1.5434995889663696
cople2,cople2,3,1.7999709844589233
cople2,cople2,3,2.307671308517456
cople2,cople2,3,1.9560580253601074
cople2,cople2,3,2.107030153274536
cople2,cople2,3,1.312097430229187
cople2,cople2,3,2.428847551345825
cople2,cople2,3,2.11730694770813
cople2,cople2,3,1.3905137777328491
cople2,cople2,3,2.23580002784729
cople2,cople2,3,1.7730754613876343
cople2,cople2,3,3.091191530227661
cople2,cople2,3,1.5247840881347656
cople2,cople2,3,2.347846269607544
cople2,cople2,3,2.06241774559021
cople2,cople2,3,1.6678553819656372
cople2,cople2,3,2.397367477416992
cople2,cople2,3,2.812346935272217
cople2,cople2,3,2.6624364852905273
cople2,cople2,3,2.6057116985321045
cople2,cople2,3,2.0785727500915527
cople2,cople2,3,2.1014328002929688
cople2,cople2,3,2.1843512058258057
cople2,cople2,3,2.544215202331543
cople2,cople2,3,2.5343191623687744
cople2,cople2,3,2.5080771446228027
cople2,cople2,3,2.4068470001220703
cople2,cople2,3,3.267432451248169
cople2,cople2,3,1.8785873651504517
cople2,cople2,3,1.0688273906707764
cople2,cople2,3,1.8843293190002441
cople2,cople2,1,2.096320152282715
cople2,cople2,1,1.1298673152923584
cople2,cople2,1,1.362978458404541
cople2,cople2,1,1.1021668910980225
cople2,cople2,1,0.8526812791824341
cople2,cople2,1,1.072933554649353
cople2,cople2,1,1.5449579954147339
cople2,cople2,1,0.9322071075439453
cople2,cople2,1,0.750249445438385
cople2,cople2,1,1.0467053651809692
cople2,cople2,1,0.7362039089202881
cople2,cople2,1,1.754173755645752
cople2,cople2,1,0.6545722484588623
cople2,cople2,1,0.7313223481178284
cople2,cople2,1,0.7717869877815247
cople2,cople2,1,0.5611880421638489
cople2,cople2,1,0.8469821214675903
cople2,cople2,1,0.758297324180603
cople2,cople2,1,0.9863271713256836
cople2,cople2,1,1.1471428871154785
cople2,cople2,1,1.2786474227905273
cople2,cople2,1,0.9311869144439697
cople2,cople2,1,0.4714145362377167
cople2,cople2,1,0.5922918915748596
cople2,cople2,4,1.6013484001159668
cople2,cople2,4,1.6687860488891602
cople2,cople2,4,1.597328782081604
cople2,cople2,4,1.3379911184310913
cople2,cople2,4,1.9526782035827637
cople2,cople2,4,1.3476436138153076
cople2,cople2,4,1.0909888744354248
cople2,cople2,4,1.5054092407226562
cople2,cople2,4,2.376319646835327
cople2,cople2,4,1.7907214164733887
cople2,cople2,4,1.1766247749328613
cople2,cople2,4,1.5766119956970215
cople2,cople2,4,1.5916483402252197
cople2,cople2,4,1.6959327459335327
cople2,cople2,4,1.1946823596954346
cople2,cople2,4,1.8474701642990112
cople2,cople2,4,1.8202950954437256
cople2,cople2,4,1.354024052619934
cople2,cople2,4,1.0969622135162354
cople2,cople2,4,0.9763820171356201
cople2,cople2,4,1.0470631122589111
cople2,cople2,4,1.6495046615600586
cople2,cople2,4,1.7320334911346436
cople2,cople2,4,1.6951605081558228
cople2,cople2,4,1.4101141691207886
cople2,cople2,4,1.712944746017456
cople2,cople2,4,1.108063817024231
cople2,cople2,4,1.595951795578003
cople2,cople2,4,1.6991326808929443
cople2,cople2,4,1.6361626386642456
cople2,cople2,4,1.3015635013580322
cople2,cople2,4,1.4754785299301147
cople2,cople2,4,1.3931013345718384
cople2,cople2,4,1.2385201454162598
cople2,cople2,4,1.0255918502807617
cople2,cople2,3,2.5220978260040283
cople2,cople2,3,1.213826060295105
cople2,cople2,3,1.2490681409835815
cople2,cople2,3,3.1106173992156982
cople2,cople2,3,2.073734760284424
cople2,cople2,3,2.4449691772460938
cople2,cople2,3,2.0519442558288574
cople2,cople2,3,2.0556254386901855
cople2,cople2,3,0.9994874000549316
cople2,cople2,3,1.6969373226165771
cople2,cople2,3,1.565590500831604
cople2,cople2,3,0.9827759861946106
cople2,cople2,4,1.7440468072891235
cople2,cople2,4,1.7934699058532715
cople2,cople2,4,2.8899991512298584
cople2,cople2,4,1.618320345878601
cople2,cople2,4,2.3611180782318115
cople2,cople2,4,1.5339947938919067
cople2,cople2,4,1.9865831136703491
cople2,cople2,4,1.577950119972229
cople2,cople2,4,0.83998042345047
cople2,cople2,4,2.5425126552581787
cople2,cople2,4,2.0736889839172363
cople2,cople2,4,2.491891622543335
cople2,cople2,1,1.3389805555343628
cople2,cople2,1,1.7668499946594238
cople2,cople2,1,1.1496399641036987
cople2,cople2,1,2.1549386978149414
cople2,cople2,1,1.6976622343063354
cople2,cople2,1,1.408130407333374
cople2,cople2,1,1.6462318897247314
cople2,cople2,1,1.2171064615249634
cople2,cople2,1,1.509652853012085
cople2,cople2,1,1.2383419275283813
cople2,cople2,1,1.4085769653320312
cople2,cople2,1,1.504892110824585
cople2,cople2,1,1.1153160333633423
cople2,cople2,1,0.9792987108230591
cople2,cople2,1,1.6408981084823608
cople2,cople2,3,1.0350117683410645
cople2,cople2,3,2.1716814041137695
cople2,cople2,3,2.1837966442108154
cople2,cople2,3,2.4945428371429443
cople2,cople2,3,1.6656981706619263
cople2,cople2,3,1.3346359729766846
cople2,cople2,3,2.6222755908966064
cople2,cople2,3,2.029979944229126
cople2,cople2,3,1.0101892948150635
cople2,cople2,3,1.4439162015914917
cople2,cople2,3,1.5231300592422485
cople2,cople2,3,1.4708157777786255
cople2,cople2,3,2.5127413272857666
cople2,cople2,3,1.8349413871765137
cople2,cople2,4,2.4238548278808594
cople2,cople2,4,2.710848331451416
cople2,cople2,4,2.4085047245025635
cople2,cople2,4,2.5440833568573
cople2,cople2,4,2.1778080463409424
cople2,cople2,4,2.704643726348877
cople2,cople2,4,2.8324975967407227
cople2,cople2,4,2.8058032989501953
cople2,cople2,4,2.488114833831787
cople2,cople2,4,2.4840612411499023
cople2,cople2,4,2.407954692840576
cople2,cople2,4,2.6104400157928467
cople2,cople2,4,2.4945709705352783
cople2,cople2,4,2.7456164360046387
cople2,cople2,4,2.8454666137695312
cople2,cople2,4,2.1396429538726807
cople2,cople2,1,2.0393221378326416
cople2,cople2,1,1.7602875232696533
cople2,cople2,1,1.7244724035263062
cople2,cople2,1,1.1811667680740356
cople2,cople2,1,1.579651117324829
cople2,cople2,1,1.2469263076782227
cople2,cople2,1,1.7156927585601807
cople2,cople2,1,1.5644923448562622
cople2,cople2,1,1.5744194984436035
cople2,cople2,1,1.1468513011932373
cople2,cople2,1,1.3095195293426514
cople2,cople2,1,1.8015730381011963
cople2,cople2,1,1.867724061012268
cople2,cople2,1,2.4387052059173584
cople2,cople2,1,1.764600157737732
cople2,cople2,1,1.6590179204940796
cople2,cople2,1,2.7612521648406982
cople2,cople2,1,2.004215717315674
cople2,cople2,1,1.497800588607788
cople2,cople2,1,2.128868579864502
cople2,cople2,1,1.392680048942566
cople2,cople2,1,0.5540310740470886
cople2,cople2,1,1.5611107349395752
cople2,cople2,1,1.9911882877349854
cople2,cople2,1,2.0153467655181885
cople2,cople2,1,1.3814057111740112
cople2,cople2,1,1.7084158658981323
cople2,cople2,1,1.0665991306304932
cople2,cople2,1,2.136929750442505
cople2,cople2,1,1.7950769662857056
cople2,cople2,1,1.95345139503479
cople2,cople2,1,1.9901773929595947
cople2,cople2,1,1.496903419494629
cople2,cople2,1,1.2153973579406738
cople2,cople2,1,2.2252252101898193
cople2,cople2,1,1.236350417137146
cople2,cople2,1,0.9815143942832947
cople2,cople2,1,1.5826728343963623
cople2,cople2,1,1.5892974138259888
cople2,cople2,1,1.2050954103469849
cople2,cople2,1,1.5321954488754272
cople2,cople2,1,2.227064609527588
cople2,cople2,1,1.2767589092254639
cople2,cople2,1,1.679024338722229
cople2,cople2,1,1.2938569784164429
cople2,cople2,1,2.012392520904541
cople2,cople2,1,1.0670393705368042
cople2,cople2,1,0.8356060981750488
cople2,cople2,1,0.9966471195220947
cople2,cople2,1,1.859892725944519
cople2,cople2,1,0.9090687036514282
cople2,cople2,1,2.306079626083374
cople2,cople2,1,1.4222465753555298
cople2,cople2,1,1.6107537746429443
cople2,cople2,1,1.7633235454559326
cople2,cople2,1,1.4375689029693604
cople2,cople2,4,2.2218241691589355
cople2,cople2,4,2.8766167163848877
cople2,cople2,4,2.495296001434326
cople2,cople2,4,1.7108197212219238
cople2,cople2,4,2.765955924987793
cople2,cople2,4,1.679002046585083
cople2,cople2,4,3.011026620864868
cople2,cople2,4,2.5776405334472656
cople2,cople2,4,3.4671051502227783
peapl2,peapl2,1,1.7979140281677246
peapl2,peapl2,2,1.7835346460342407
peapl2,peapl2,1,2.0372142791748047
peapl2,peapl2,0,1.5167231559753418
peapl2,peapl2,0,1.4831942319869995
peapl2,peapl2,0,2.0311691761016846
peapl2,peapl2,0,1.6066807508468628
peapl2,peapl2,0,1.9841936826705933
peapl2,peapl2,0,1.4119940996170044
peapl2,peapl2,0,1.3787935972213745
peapl2,peapl2,0,1.8612985610961914
peapl2,peapl2,1,2.4499950408935547
peapl2,peapl2,1,1.5684734582901
peapl2,peapl2,1,1.565777063369751
peapl2,peapl2,1,1.1776536703109741
peapl2,peapl2,1,1.6535651683807373
peapl2,peapl2,1,1.289549469947815
peapl2,peapl2,1,1.0704138278961182
peapl2,peapl2,1,1.5220224857330322
peapl2,peapl2,1,1.4824315309524536
peapl2,peapl2,1,1.6343743801116943
peapl2,peapl2,1,1.2905244827270508
peapl2,peapl2,2,2.4596879482269287
peapl2,peapl2,2,2.0821540355682373
peapl2,peapl2,2,1.8887563943862915
peapl2,peapl2,2,1.582312822341919
peapl2,peapl2,2,2.5258607864379883
peapl2,peapl2,2,1.8386945724487305
peapl2,peapl2,2,2.5735926628112793
peapl2,peapl2,2,2.970820188522339
peapl2,peapl2,2,2.443981647491455
peapl2,peapl2,2,2.645878553390503
peapl2,peapl2,2,2.911802053451538
peapl2,peapl2,2,2.7324626445770264
peapl2,peapl2,2,2.523113965988159
peapl2,peapl2,2,2.7370095252990723
peapl2,peapl2,2,2.6953377723693848
peapl2,peapl2,2,1.843437910079956
peapl2,peapl2,2,2.108898401260376
peapl2,peapl2,2,1.8266206979751587
peapl2,peapl2,2,2.8086581230163574
peapl2,peapl2,2,2.447843551635742
peapl2,peapl2,2,3.102069854736328
peapl2,peapl2,2,2.8045082092285156
peapl2,peapl2,2,1.147620439529419
peapl2,peapl2,2,1.2746373414993286
peapl2,peapl2,2,2.1147043704986572
peapl2,peapl2,2,1.1410012245178223
peapl2,peapl2,2,1.604286551475525
peapl2,peapl2,2,2.747501850128174
peapl2,peapl2,2,2.2266182899475098
peapl2,peapl2,2,2.8339953422546387
peapl2,peapl2,2,1.8499177694320679
peapl2,peapl2,2,1.7386788129806519
peapl2,peapl2,2,1.8666144609451294
peapl2,peapl2,2,2.4404172897338867
peapl2,peapl2,2,3.0319645404815674
peapl2,peapl2,2,1.9372284412384033
peapl2,peapl2,2,1.9434666633605957
peapl2,peapl2,2,2.421200752258301
peapl2,peapl2,2,2.748457431793213
peapl2,peapl2,2,3.035156488418579
peapl2,peapl2,2,2.4583091735839844
peapl2,peapl2,2,1.0876792669296265
peapl2,peapl2,2,2.350101947784424
peapl2,peapl2,2,2.1324422359466553
peapl2,peapl2,2,2.6659791469573975
peapl2,peapl2,2,1.9894779920578003
peapl2,peapl2,2,1.7579984664916992
peapl2,peapl2,2,1.5448135137557983
peapl2,peapl2,2,2.783240795135498
peapl2,peapl2,2,3.2634475231170654
peapl2,peapl2,3,2.2802815437316895
peapl2,peapl2,3,2.6694514751434326
peapl2,peapl2,3,2.4916653633117676
peapl2,peapl2,3,2.7199015617370605
peapl2,peapl2,3,2.920811891555786
peapl2,peapl2,3,1.994651436805725
peapl2,peapl2,3,2.4805593490600586
peapl2,peapl2,3,2.8695576190948486
peapl2,peapl2,3,2.7922513484954834
peapl2,peapl2,3,2.531158447265625
peapl2,peapl2,3,2.9274942874908447
peapl2,peapl2,3,3.122422218322754
peapl2,peapl2,3,3.0077857971191406
peapl2,peapl2,3,2.3168654441833496
peapl2,peapl2,3,2.572061061859131
peapl2,peapl2,3,2.5262844562530518
peapl2,peapl2,1,1.4386752843856812
peapl2,peapl2,0,1.9397143125534058
peapl2,peapl2,0,0.7491276264190674
peapl2,peapl2,0,1.626418948173523
peapl2,peapl2,0,0.839411199092865
peapl2,peapl2,0,2.1000924110412598
peapl2,peapl2,0,1.4553130865097046
peapl2,peapl2,0,1.1971826553344727
peapl2,peapl2,0,1.6193870306015015
peapl2,peapl2,0,1.439415454864502
peapl2,peapl2,0,1.7788619995117188
peapl2,peapl2,1,1.4648113250732422
peapl2,peapl2,2,2.784298896789551
peapl2,peapl2,2,2.408442974090576
peapl2,peapl2,2,1.7518781423568726
peapl2,peapl2,2,2.9469411373138428
peapl2,peapl2,2,2.252847671508789
peapl2,peapl2,2,1.6041297912597656
peapl2,peapl2,3,3.2066287994384766
peapl2,peapl2,4,2.2086071968078613
peapl2,peapl2,4,2.9028820991516113
peapl2,peapl2,4,2.8739659786224365
peapl2,peapl2,4,2.7822861671447754
peapl2,peapl2,4,2.7922706604003906
peapl2,peapl2,4,2.8405003547668457
peapl2,peapl2,4,1.8789076805114746
peapl2,peapl2,4,1.3093235492706299
peapl2,peapl2,1,1.9142849445343018
peapl2,peapl2,1,1.8696768283843994
peapl2,peapl2,1,1.6195716857910156
peapl2,peapl2,1,3.0345962047576904
peapl2,peapl2,1,1.3949427604675293
peapl2,peapl2,1,2.3263564109802246
peapl2,peapl2,1,2.0530073642730713
peapl2,peapl2,1,1.6861042976379395
peapl2,peapl2,1,2.408696174621582
peapl2,peapl2,1,1.8202834129333496
peapl2,peapl2,1,1.768056035041809
peapl2,peapl2,1,2.2788705825805664
peapl2,peapl2,2,2.021376371383667
peapl2,peapl2,2,2.0939416885375977
peapl2,peapl2,2,1.297239899635315
peapl2,peapl2,2,2.7716116905212402
peapl2,peapl2,3,2.694847583770752
peapl2,peapl2,4,2.016950845718384
peapl2,peapl2,4,2.4413013458251953
peapl2,peapl2,4,1.793850302696228
peapl2,peapl2,4,2.187863826751709
peapl2,peapl2,4,2.1587843894958496
peapl2,peapl2,4,1.7240813970565796
peapl2,peapl2,4,1.0401619672775269
peapl2,peapl2,1,1.1853705644607544
peapl2,peapl2,0,1.0731103420257568
peapl2,peapl2,0,1.7102562189102173
peapl2,peapl2,1,1.6801449060440063
peapl2,peapl2,1,2.0316097736358643
peapl2,peapl2,1,0.8701019883155823
peapl2,peapl2,1,1.1787863969802856
peapl2,peapl2,1,1.4824475049972534
peapl2,peapl2,1,1.1990317106246948
peapl2,peapl2,1,1.2097829580307007
peapl2,peapl2,1,1.5293307304382324
peapl2,peapl2,1,1.343806505203247
peapl2,peapl2,1,1.4826667308807373
peapl2,peapl2,1,0.9456206560134888
peapl2,peapl2,1,1.7700083255767822
peapl2,peapl2,1,0.8241861462593079
peapl2,peapl2,1,0.8501337766647339
peapl2,peapl2,1,1.657822608947754
peapl2,peapl2,1,1.4396542310714722
peapl2,peapl2,1,1.860813021659851
peapl2,peapl2,2,2.026663064956665
peapl2,peapl2,2,1.8511077165603638
peapl2,peapl2,2,2.792867422103882
peapl2,peapl2,2,3.3428854942321777
peapl2,peapl2,2,1.720892310142517
peapl2,peapl2,2,2.1804041862487793
peapl2,peapl2,2,2.1239943504333496
peapl2,peapl2,2,2.0977258682250977
peapl2,peapl2,2,2.2517473697662354
peapl2,peapl2,2,2.0617709159851074
peapl2,peapl2,2,1.7462184429168701
peapl2,peapl2,2,3.1714766025543213
peapl2,peapl2,2,2.9354734420776367
peapl2,peapl2,2,2.2366936206817627
peapl2,peapl2,2,2.335329532623291
peapl2,peapl2,2,2.459163188934326
peapl2,peapl2,2,1.796148419380188
peapl2,peapl2,2,1.5141983032226562
peapl2,peapl2,2,1.7332332134246826
peapl2,peapl2,2,2.038062572479248
peapl2,peapl2,2,1.8301591873168945
peapl2,peapl2,2,3.020170211791992
peapl2,peapl2,2,1.7929490804672241
peapl2,peapl2,2,2.1300320625305176
peapl2,peapl2,3,2.529719114303589
peapl2,peapl2,3,1.459212064743042
peapl2,peapl2,3,2.110352039337158
peapl2,peapl2,3,2.1841490268707275
peapl2,peapl2,3,2.008549213409424
peapl2,peapl2,3,2.2619359493255615
peapl2,peapl2,3,2.358441114425659
peapl2,peapl2,3,1.9842171669006348
peapl2,peapl2,3,2.5891191959381104
peapl2,peapl2,3,2.962951183319092
peapl2,peapl2,3,2.1109707355499268
peapl2,peapl2,3,2.1894500255584717
peapl2,peapl2,3,1.9777525663375854
peapl2,peapl2,3,2.3895492553710938
peapl2,peapl2,3,2.5473387241363525
peapl2,peapl2,1,1.8972562551498413
peapl2,peapl2,3,1.966472864151001
peapl2,peapl2,4,3.024707555770874
peapl2,peapl2,4,2.4006268978118896
peapl2,peapl2,4,2.7692418098449707
peapl2,peapl2,0,1.7423499822616577
peapl2,peapl2,0,2.257831335067749
peapl2,peapl2,0,1.6308437585830688
peapl2,peapl2,0,1.7804111242294312
peapl2,peapl2,1,2.2500038146972656
peapl2,peapl2,2,2.444383144378662
peapl2,peapl2,2,2.1258203983306885
peapl2,peapl2,2,1.6458021402359009
peapl2,peapl2,2,2.050151824951172
peapl2,peapl2,2,2.184039831161499
peapl2,peapl2,2,2.3898603916168213
peapl2,peapl2,2,2.4553627967834473
peapl2,peapl2,2,2.289424180984497
peapl2,peapl2,2,2.4706199169158936
peapl2,peapl2,2,2.2430574893951416
peapl2,peapl2,2,2.525465488433838
peapl2,peapl2,2,2.0921552181243896
peapl2,peapl2,2,2.455216407775879
peapl2,peapl2,2,2.0048201084136963
peapl2,peapl2,3,2.619753837585449
peapl2,peapl2,3,1.0477815866470337
peapl2,peapl2,3,2.3012490272521973
peapl2,peapl2,3,2.865755081176758
peapl2,peapl2,3,3.034764528274536
peapl2,peapl2,3,3.0635712146759033
peapl2,peapl2,3,3.1282598972320557
peapl2,peapl2,3,2.8072540760040283
peapl2,peapl2,3,2.9753494262695312
peapl2,peapl2,3,2.518794536590576
peapl2,peapl2,3,2.579822301864624
peapl2,peapl2,3,2.532792091369629
peapl2,peapl2,3,2.1559879779815674
peapl2,peapl2,3,2.4581098556518555
peapl2,peapl2,0,1.019585371017456
peapl2,peapl2,0,1.5478498935699463
peapl2,peapl2,0,1.5406792163848877
peapl2,peapl2,0,1.379469871520996
peapl2,peapl2,4,1.9033902883529663
peapl2,peapl2,4,2.1949474811553955
peapl2,peapl2,4,2.7939233779907227
peapl2,peapl2,4,2.3233485221862793
peapl2,peapl2,4,2.6794252395629883
peapl2,peapl2,4,2.9781274795532227
peapl2,peapl2,1,2.2526650428771973
peapl2,peapl2,1,1.4549970626831055
peapl2,peapl2,1,3.221320867538452
peapl2,peapl2,1,1.50751793384552
peapl2,peapl2,0,1.8888691663742065
peapl2,peapl2,0,1.6985760927200317
peapl2,peapl2,0,0.6973796486854553
peapl2,peapl2,0,1.6285552978515625
peapl2,peapl2,2,2.439936399459839
peapl2,peapl2,2,3.4526236057281494
peapl2,peapl2,2,2.8857011795043945
peapl2,peapl2,2,2.396287202835083
peapl2,peapl2,2,2.698822259902954
peapl2,peapl2,2,2.528615951538086
peapl2,peapl2,2,2.717377185821533
peapl2,peapl2,2,1.6047513484954834
peapl2,peapl2,2,1.8841749429702759
peapl2,peapl2,2,1.7174668312072754
peapl2,peapl2,2,3.120811700820923
peapl2,peapl2,2,1.8937562704086304
peapl2,peapl2,2,2.4019808769226074
peapl2,peapl2,2,2.3821358680725098
peapl2,peapl2,2,3.1866655349731445
peapl2,peapl2,2,3.258594512939453
peapl2,peapl2,2,2.02651309967041
peapl2,peapl2,2,2.288029193878174
peapl2,peapl2,2,1.74183189868927
peapl2,peapl2,2,2.809156894683838
peapl2,peapl2,2,1.7208980321884155
peapl2,peapl2,2,1.921184778213501
peapl2,peapl2,2,2.8421742916107178
peapl2,peapl2,2,1.6680314540863037
peapl2,peapl2,2,2.111414670944214
peapl2,peapl2,2,2.586319923400879
peapl2,peapl2,2,1.7057231664657593
peapl2,peapl2,2,1.635090708732605
peapl2,peapl2,2,2.4948806762695312
peapl2,peapl2,2,2.119697093963623
peapl2,peapl2,2,1.9907358884811401
peapl2,peapl2,2,1.9542593955993652
peapl2,peapl2,2,2.257230281829834
peapl2,peapl2,2,2.488226890563965
peapl2,peapl2,2,1.7775814533233643
peapl2,peapl2,2,1.8967386484146118
peapl2,peapl2,2,2.498505115509033
peapl2,peapl2,2,2.13192081451416
peapl2,peapl2,3,2.118290901184082
peapl2,peapl2,3,2.3182716369628906
peapl2,peapl2,3,1.4777417182922363
peapl2,peapl2,3,2.2187774181365967
peapl2,peapl2,3,2.768005132675171
peapl2,peapl2,3,2.7123138904571533
peapl2,peapl2,3,2.0090668201446533
peapl2,peapl2,2,2.243267774581909
peapl2,peapl2,0,1.7155051231384277
peapl2,peapl2,0,1.3696391582489014
peapl2,peapl2,0,1.3433610200881958
peapl2,peapl2,0,1.5675084590911865
peapl2,peapl2,0,1.649133563041687
peapl2,peapl2,0,2.4525482654571533
peapl2,peapl2,0,1.8930939435958862
peapl2,peapl2,0,1.1873692274093628
peapl2,peapl2,0,2.405404567718506
peapl2,peapl2,0,2.4575514793395996
peapl2,peapl2,0,1.5213768482208252
peapl2,peapl2,0,0.767558753490448
peapl2,peapl2,0,1.3250439167022705
peapl2,peapl2,0,1.697895884513855
peapl2,peapl2,0,1.4509902000427246
peapl2,peapl2,0,1.6892563104629517
peapl2,peapl2,0,1.363608717918396
peapl2,peapl2,0,0.8510235548019409
peapl2,peapl2,0,1.1347376108169556
peapl2,peapl2,0,2.6493020057678223
peapl2,peapl2,0,1.812053918838501
peapl2,peapl2,0,1.5861549377441406
peapl2,peapl2,0,1.2044878005981445
peapl2,peapl2,0,1.5109474658966064
peapl2,peapl2,0,2.06366229057312
peapl2,peapl2,1,2.0133020877838135
peapl2,peapl2,1,1.6985421180725098
peapl2,peapl2,1,2.2432355880737305
peapl2,peapl2,1,2.922896146774292
peapl2,peapl2,1,1.8242112398147583
peapl2,peapl2,1,1.9372811317443848
peapl2,peapl2,1,2.2124478816986084
peapl2,peapl2,1,1.0316073894500732
peapl2,peapl2,1,0.8597970008850098
peapl2,peapl2,1,1.2244434356689453
peapl2,peapl2,1,1.0929808616638184
peapl2,peapl2,1,0.9961046576499939
peapl2,peapl2,1,1.732375144958496
peapl2,peapl2,1,1.8997430801391602
peapl2,peapl2,1,2.483182907104492
peapl2,peapl2,2,2.440073251724243
peapl2,peapl2,2,2.436194658279419
peapl2,peapl2,2,2.2785532474517822
peapl2,peapl2,2,2.1239943504333496
peapl2,peapl2,2,2.711339235305786
peapl2,peapl2,2,2.2442944049835205
peapl2,peapl2,2,2.159634590148926
peapl2,peapl2,2,2.126718282699585
peapl2,peapl2,2,2.1270484924316406
peapl2,peapl2,2,1.9178493022918701
peapl2,peapl2,2,3.07426381111145
peapl2,peapl2,2,2.1681957244873047
peapl2,peapl2,2,2.0046961307525635
peapl2,peapl2,2,2.339359998703003
peapl2,peapl2,2,2.8675928115844727
peapl2,peapl2,2,1.9113606214523315
peapl2,peapl2,2,1.6447354555130005
peapl2,peapl2,2,1.4956685304641724
peapl2,peapl2,2,2.727257013320923
peapl2,peapl2,2,2.486816883087158
peapl2,peapl2,2,2.1147639751434326
peapl2,peapl2,2,1.8116368055343628
peapl2,peapl2,2,2.218062400817871
peapl2,peapl2,2,3.109738349914551
peapl2,peapl2,2,2.441730260848999
peapl2,peapl2,2,2.1254467964172363
peapl2,peapl2,2,2.524632692337036
peapl2,peapl2,2,2.5615501403808594
peapl2,peapl2,2,1.9903799295425415
peapl2,peapl2,2,2.202042818069458
peapl2,peapl2,2,1.276394248008728
peapl2,peapl2,2,2.731642007827759
peapl2,peapl2,2,2.2867863178253174
peapl2,peapl2,2,1.9152556657791138
peapl2,peapl2,3,1.593836784362793
peapl2,peapl2,3,2.7325286865234375
peapl2,peapl2,3,2.634791135787964
peapl2,peapl2,3,2.6814322471618652
peapl2,peapl2,3,2.6793153285980225
peapl2,peapl2,3,2.688149929046631
peapl2,peapl2,3,2.6199045181274414
peapl2,peapl2,3,3.1332547664642334
peapl2,peapl2,1,1.5718110799789429
peapl2,peapl2,1,2.3451156616210938
peapl2,peapl2,2,2.198133707046509
peapl2,peapl2,2,3.1410937309265137
peapl2,peapl2,2,2.166278839111328
peapl2,peapl2,2,2.3873136043548584
peapl2,peapl2,3,2.751213788986206
peapl2,peapl2,4,2.397024631500244
peapl2,peapl2,4,2.3899028301239014
peapl2,peapl2,4,1.6841909885406494
peapl2,peapl2,4,2.0139505863189697
peapl2,peapl2,4,2.141602039337158
peapl2,peapl2,4,2.1392390727996826
peapl2,peapl2,4,1.6122729778289795
peapl2,peapl2,1,1.99720299243927
peapl2,peapl2,1,2.552741527557373
peapl2,peapl2,2,2.252842664718628
peapl2,peapl2,3,2.1800429821014404
peapl2,peapl2,4,1.4229271411895752
peapl2,peapl2,4,2.8973395824432373
peapl2,peapl2,4,2.7261838912963867
peapl2,peapl2,4,2.3403241634368896
peapl2,peapl2,4,1.330925464630127
peapl2,peapl2,4,1.987504482269287
peapl2,peapl2,4,2.5561299324035645
peapl2,peapl2,4,2.196333169937134
peapl2,peapl2,1,2.5775039196014404
peapl2,peapl2,1,2.228365182876587
peapl2,peapl2,1,1.136751651763916
peapl2,peapl2,2,2.112117052078247
peapl2,peapl2,2,1.6464353799819946
peapl2,peapl2,2,1.9055395126342773
peapl2,peapl2,2,2.084388256072998
peapl2,peapl2,2,2.443439483642578
peapl2,peapl2,2,1.3555635213851929
peapl2,peapl2,2,2.6315159797668457
peapl2,peapl2,2,2.4806346893310547
peapl2,peapl2,2,2.175833225250244
peapl2,peapl2,2,2.263314962387085
peapl2,peapl2,2,1.7999649047851562
peapl2,peapl2,2,0.8088063597679138
peapl2,peapl2,0,1.7389564514160156
peapl2,peapl2,0,1.441842794418335
peapl2,peapl2,0,1.4502829313278198
peapl2,peapl2,0,1.8372271060943604
peapl2,peapl2,0,0.6798429489135742
peapl2,peapl2,0,2.1181864738464355
peapl2,peapl2,0,1.353447437286377
peapl2,peapl2,0,1.177597999572754
peapl2,peapl2,0,1.517012119293213
peapl2,peapl2,1,1.9784770011901855
peapl2,peapl2,1,1.558596134185791
peapl2,peapl2,1,1.1771657466888428
peapl2,peapl2,1,1.4137846231460571
peapl2,peapl2,2,2.212049961090088
peapl2,peapl2,2,2.3251888751983643
peapl2,peapl2,2,2.8414506912231445
peapl2,peapl2,2,1.9760923385620117
peapl2,peapl2,2,2.4362621307373047
peapl2,peapl2,2,2.3672935962677
peapl2,peapl2,2,2.7506771087646484
peapl2,peapl2,2,1.8014670610427856
peapl2,peapl2,2,2.676192045211792
peapl2,peapl2,2,2.9878652095794678
peapl2,peapl2,2,2.3393044471740723
peapl2,peapl2,3,2.4033334255218506
peapl2,peapl2,3,2.419748544692993
peapl2,peapl2,3,3.0754129886627197
peapl2,peapl2,3,2.490858793258667
peapl2,peapl2,0,1.9629766941070557
peapl2,peapl2,0,1.3386945724487305
peapl2,peapl2,0,1.336076021194458
peapl2,peapl2,0,1.4350380897521973
peapl2,peapl2,0,1.8500275611877441
peapl2,peapl2,0,2.185795307159424
peapl2,peapl2,0,1.6303672790527344
peapl2,peapl2,0,0.9936420917510986
peapl2,peapl2,1,2.0366363525390625
peapl2,peapl2,1,1.264775037765503
peapl2,peapl2,1,1.9359331130981445
peapl2,peapl2,1,2.0275959968566895
peapl2,peapl2,1,1.8797683715820312
peapl2,peapl2,1,1.153336763381958
peapl2,peapl2,1,1.4873217344284058
peapl2,peapl2,3,2.3708879947662354
peapl2,peapl2,0,1.530663251876831
peapl2,peapl2,0,1.5685466527938843
peapl2,peapl2,0,1.7031681537628174
peapl2,peapl2,0,1.9528039693832397
peapl2,peapl2,1,1.3966628313064575
peapl2,peapl2,1,1.8650263547897339
peapl2,peapl2,2,1.5655189752578735
peapl2,peapl2,2,2.3626363277435303
peapl2,peapl2,4,3.0498054027557373
peapl2,peapl2,2,2.797332286834717
peapl2,peapl2,2,2.732027530670166
peapl2,peapl2,1,2.261549472808838
peapl2,peapl2,1,1.615312933921814
peapl2,peapl2,1,1.857795000076294
zaebuc,zaebuc,2,2.2822651863098145
zaebuc,zaebuc,3,2.4099502563476562
zaebuc,zaebuc,1,1.200217366218567
zaebuc,zaebuc,3,2.791717767715454
zaebuc,zaebuc,2,1.531134009361267
zaebuc,zaebuc,1,1.0204814672470093
zaebuc,zaebuc,2,2.242652416229248
zaebuc,zaebuc,2,1.2755191326141357
zaebuc,zaebuc,2,1.0293428897857666
zaebuc,zaebuc,1,2.903724193572998
zaebuc,zaebuc,2,2.56811261177063
zaebuc,zaebuc,2,1.0465754270553589
zaebuc,zaebuc,3,2.428402900695801
zaebuc,zaebuc,2,2.1803343296051025
zaebuc,zaebuc,2,2.2133684158325195
zaebuc,zaebuc,2,1.990942120552063
zaebuc,zaebuc,1,1.1348512172698975
zaebuc,zaebuc,2,1.493605613708496
zaebuc,zaebuc,3,1.369798183441162
zaebuc,zaebuc,2,2.108409881591797
zaebuc,zaebuc,3,2.544847249984741
zaebuc,zaebuc,2,2.53774356842041
zaebuc,zaebuc,2,2.453032970428467
zaebuc,zaebuc,2,1.0437428951263428
zaebuc,zaebuc,3,2.451348304748535
zaebuc,zaebuc,2,1.4097546339035034
zaebuc,zaebuc,1,1.6082886457443237
zaebuc,zaebuc,3,2.6118228435516357
zaebuc,zaebuc,2,1.2578109502792358
zaebuc,zaebuc,2,2.517087697982788
zaebuc,zaebuc,2,2.297642230987549
zaebuc,zaebuc,2,2.228710174560547
zaebuc,zaebuc,2,1.9215701818466187
zaebuc,zaebuc,2,1.6813191175460815
zaebuc,zaebuc,2,2.2817862033843994
zaebuc,zaebuc,2,2.2148215770721436
zaebuc,zaebuc,4,2.4813926219940186
zaebuc,zaebuc,2,1.2187657356262207
zaebuc,zaebuc,2,2.329746723175049
zaebuc,zaebuc,3,2.1641383171081543
zaebuc,zaebuc,2,2.284113883972168
zaebuc,zaebuc,2,1.1755553483963013
zaebuc,zaebuc,2,1.2622581720352173
zaebuc,zaebuc,2,2.3850340843200684
zaebuc,zaebuc,3,1.787739872932434
zaebuc,zaebuc,2,2.5085957050323486
zaebuc,zaebuc,3,2.39155912399292
zaebuc,zaebuc,2,2.201317548751831
zaebuc,zaebuc,2,2.358663320541382
zaebuc,zaebuc,2,1.421330213546753
zaebuc,zaebuc,2,1.9274123907089233
zaebuc,zaebuc,2,1.3453171253204346
zaebuc,zaebuc,3,2.2790045738220215
zaebuc,zaebuc,2,2.3271281719207764
zaebuc,zaebuc,2,1.0430289506912231
zaebuc,zaebuc,3,2.3162424564361572
zaebuc,zaebuc,2,2.297642230987549
zaebuc,zaebuc,3,2.230294942855835
zaebuc,zaebuc,2,2.3132028579711914
zaebuc,zaebuc,2,1.6937987804412842
zaebuc,zaebuc,2,1.9955408573150635
zaebuc,zaebuc,2,1.6320796012878418
zaebuc,zaebuc,2,1.7797811031341553
zaebuc,zaebuc,2,1.5694063901901245
zaebuc,zaebuc,2,1.7474393844604492
zaebuc,zaebuc,2,1.5288505554199219
zaebuc,zaebuc,2,0.8657195568084717
zaebuc,zaebuc,3,2.5269689559936523
zaebuc,zaebuc,2,2.2694766521453857
zaebuc,zaebuc,2,1.4837663173675537
zaebuc,zaebuc,3,2.8274030685424805
zaebuc,zaebuc,3,1.6262879371643066
zaebuc,zaebuc,3,2.365288257598877
zaebuc,zaebuc,2,2.2886345386505127
zaebuc,zaebuc,3,2.6131153106689453
zaebuc,zaebuc,2,2.363738536834717
zaebuc,zaebuc,3,2.53774356842041
zaebuc,zaebuc,3,2.5891175270080566
zaebuc,zaebuc,2,1.694047451019287
zaebuc,zaebuc,2,1.5667132139205933
zaebuc,zaebuc,3,1.1864389181137085
zaebuc,zaebuc,2,1.262547254562378
zaebuc,zaebuc,1,1.3181390762329102
zaebuc,zaebuc,2,1.2948288917541504
zaebuc,zaebuc,2,2.5748753547668457
zaebuc,zaebuc,2,1.331518292427063
zaebuc,zaebuc,3,2.354517936706543
zaebuc,zaebuc,2,2.2631311416625977
zaebuc,zaebuc,3,2.4637694358825684
zaebuc,zaebuc,2,2.517087697982788
zaebuc,zaebuc,2,1.1734490394592285
zaebuc,zaebuc,3,2.5895707607269287
zaebuc,zaebuc,3,2.4360666275024414
zaebuc,zaebuc,3,2.539553642272949
zaebuc,zaebuc,3,2.3079187870025635
zaebuc,zaebuc,2,2.5881800651550293
zaebuc,zaebuc,3,2.2480669021606445
zaebuc,zaebuc,2,1.6697262525558472
zaebuc,zaebuc,2,2.4023170471191406
zaebuc,zaebuc,3,1.5726473331451416
zaebuc,zaebuc,2,1.2090024948120117
zaebuc,zaebuc,2,2.3132028579711914
zaebuc,zaebuc,2,1.840060830116272
zaebuc,zaebuc,2,1.7594311237335205
zaebuc,zaebuc,2,2.53774356842041
zaebuc,zaebuc,3,2.6080141067504883
zaebuc,zaebuc,2,2.364576816558838
zaebuc,zaebuc,3,2.396704912185669
zaebuc,zaebuc,2,2.151594877243042
zaebuc,zaebuc,2,1.3884249925613403
zaebuc,zaebuc,3,2.4115452766418457
zaebuc,zaebuc,4,2.4669299125671387
zaebuc,zaebuc,3,2.265369176864624
zaebuc,zaebuc,2,2.282318592071533
zaebuc,zaebuc,2,1.378037691116333
zaebuc,zaebuc,3,2.625290870666504
zaebuc,zaebuc,2,1.4699759483337402
zaebuc,zaebuc,3,2.6936328411102295
zaebuc,zaebuc,1,0.9212419390678406
zaebuc,zaebuc,2,2.5722806453704834
zaebuc,zaebuc,4,2.507091522216797
zaebuc,zaebuc,2,1.5483845472335815
zaebuc,zaebuc,2,1.2839305400848389
zaebuc,zaebuc,3,1.2858692407608032
zaebuc,zaebuc,3,2.4005231857299805
zaebuc,zaebuc,3,2.192206859588623
zaebuc,zaebuc,3,2.3072421550750732
zaebuc,zaebuc,2,2.6184780597686768
zaebuc,zaebuc,2,2.3162424564361572
zaebuc,zaebuc,2,2.269479513168335
zaebuc,zaebuc,2,1.6697262525558472
zaebuc,zaebuc,3,2.711836576461792
zaebuc,zaebuc,3,2.438082695007324
zaebuc,zaebuc,2,1.3004652261734009
zaebuc,zaebuc,3,2.4686312675476074
zaebuc,zaebuc,2,1.8421298265457153
zaebuc,zaebuc,3,2.1523141860961914
zaebuc,zaebuc,3,2.422769546508789
zaebuc,zaebuc,2,2.2488856315612793
zaebuc,zaebuc,3,2.56811261177063
zaebuc,zaebuc,2,2.5857291221618652
zaebuc,zaebuc,2,2.671339511871338
zaebuc,zaebuc,2,1.4947924613952637
zaebuc,zaebuc,3,2.4339406490325928
zaebuc,zaebuc,3,2.416147232055664
zaebuc,zaebuc,2,2.817276954650879
zaebuc,zaebuc,3,2.4042069911956787
zaebuc,zaebuc,3,2.134871244430542
zaebuc,zaebuc,2,1.6086517572402954
zaebuc,zaebuc,3,2.0121583938598633
zaebuc,zaebuc,2,2.5405702590942383
zaebuc,zaebuc,2,2.508497953414917
zaebuc,zaebuc,2,1.5178683996200562
zaebuc,zaebuc,3,2.007429838180542
zaebuc,zaebuc,2,1.5984739065170288
zaebuc,zaebuc,2,2.5192058086395264
zaebuc,zaebuc,4,2.454655885696411
zaebuc,zaebuc,2,2.5544610023498535
zaebuc,zaebuc,2,2.5891175270080566
zaebuc,zaebuc,3,2.585634469985962
zaebuc,zaebuc,2,1.4971626996994019
zaebuc,zaebuc,2,2.662111282348633
zaebuc,zaebuc,3,2.168261766433716
zaebuc,zaebuc,2,2.5815789699554443
zaebuc,zaebuc,3,2.6071996688842773
zaebuc,zaebuc,2,2.4469668865203857
zaebuc,zaebuc,4,2.514983892440796
zaebuc,zaebuc,3,2.70206356048584
zaebuc,zaebuc,3,2.796257257461548
zaebuc,zaebuc,4,2.552157402038574
zaebuc,zaebuc,4,2.4877970218658447
zaebuc,zaebuc,2,2.757171154022217
zaebuc,zaebuc,2,1.3999266624450684
zaebuc,zaebuc,4,2.539292812347412
zaebuc,zaebuc,3,2.264227867126465
zaebuc,zaebuc,4,2.6059324741363525
zaebuc,zaebuc,3,2.3156347274780273
zaebuc,zaebuc,2,2.5329558849334717
zaebuc,zaebuc,2,1.9927960634231567
zaebuc,zaebuc,4,2.4571239948272705
zaebuc,zaebuc,3,2.5230913162231445
zaebuc,zaebuc,3,2.7789204120635986
zaebuc,zaebuc,2,2.757171154022217
zaebuc,zaebuc,3,2.6059324741363525
zaebuc,zaebuc,3,2.5813918113708496
zaebuc,zaebuc,3,2.595468521118164
zaebuc,zaebuc,3,2.382981300354004
zaebuc,zaebuc,4,2.642805814743042
zaebuc,zaebuc,3,2.163041591644287
zaebuc,zaebuc,3,2.230294942855835
zaebuc,zaebuc,3,2.3850340843200684
zaebuc,zaebuc,2,1.1627053022384644
zaebuc,zaebuc,3,2.329746723175049
zaebuc,zaebuc,2,1.8313398361206055
zaebuc,zaebuc,3,2.284113883972168
zaebuc,zaebuc,3,2.5285470485687256
zaebuc,zaebuc,3,1.8927534818649292
zaebuc,zaebuc,3,2.1517789363861084
zaebuc,zaebuc,3,2.4955224990844727
zaebuc,zaebuc,3,2.5217185020446777
zaebuc,zaebuc,3,2.7912683486938477
zaebuc,zaebuc,3,2.596735715866089
zaebuc,zaebuc,3,2.362344980239868
zaebuc,zaebuc,2,1.3453171253204346
zaebuc,zaebuc,3,2.345083236694336
zaebuc,zaebuc,3,2.344193935394287
zaebuc,zaebuc,3,2.4961395263671875
zaebuc,zaebuc,2,1.5421643257141113
zaebuc,zaebuc,2,1.8879791498184204
